SMILES,CID,fragments,real_space,SCR,BB,covalent_frag,link
Cc1cccc(C)c1OCC(=O)N[C@@H](Cc1ccccc1)[C@@H](O)C[C@H](Cc1ccccc1)NC(=O)[C@H](C(C)C)N1CCCNC1=O,ALE-UNK-fca-1,x0072,False,False,EN300-7402887,False,https://covid.postera.ai/covid/submissions/fca05062-0f3e-4628-bbc6-11b77e72bb8e
CC(C)c1nc(CN(C)C(=O)N[C@H](C(=O)N[C@@H](Cc2ccccc2)C[C@H](O)[C@H](Cc2ccccc2)NC(=O)OCc2cncs2)C(C)C)cs1,ALE-UNK-fca-2,x0072,False,False,EN300-119505,False,https://covid.postera.ai/covid/submissions/fca05062-0f3e-4628-bbc6-11b77e72bb8e
Cc1cccc(C)c1OCC(=O)NCCc1ccccc1,ALE-UNK-fca-3,x0072,Z26348840,False,False,False,https://covid.postera.ai/covid/submissions/fca05062-0f3e-4628-bbc6-11b77e72bb8e
O=C(COc1ccccc1)NCCc1ccccc1,ALE-UNK-fca-4,x0072,Z19735885,False,False,False,https://covid.postera.ai/covid/submissions/fca05062-0f3e-4628-bbc6-11b77e72bb8e
CCC(C)NC(=O)COc1c(C)cccc1C,ALE-UNK-fca-5,x0072,Z26349036,False,False,False,https://covid.postera.ai/covid/submissions/fca05062-0f3e-4628-bbc6-11b77e72bb8e
CCCC(=O)NC(CC)Cc1ccccc1,ALE-UNK-fca-6,x0072,Z57156886,False,FCH9216167,False,https://covid.postera.ai/covid/submissions/fca05062-0f3e-4628-bbc6-11b77e72bb8e
CCCCCC(C)NC(=O)COc1ccccc1,ALE-UNK-fca-7,x0072,Z54334314,False,False,False,https://covid.postera.ai/covid/submissions/fca05062-0f3e-4628-bbc6-11b77e72bb8e
CCCC(C)NC(=O)COc1ccccc1,ALE-UNK-fca-8,x0072,Z19735469,False,False,False,https://covid.postera.ai/covid/submissions/fca05062-0f3e-4628-bbc6-11b77e72bb8e
CCCNC(=O)C(C)NC(=O)N(C)Cc1csc(C)n1,ALE-UNK-fca-9,x0072,False,Z900735246,False,False,https://covid.postera.ai/covid/submissions/fca05062-0f3e-4628-bbc6-11b77e72bb8e
CS(=O)(=O)NCCN1CCCc2ccc(S(N)(=O)=O)cc21,DUN-NEW-f8c-14,"x0072,x1458",Z1317949519,False,False,True,https://covid.postera.ai/covid/submissions/f8ce3686-4774-4f4e-b96a-ab98611b1edd
CO[C@@H]1COC[C@H]1NC(=O)N1CCC[C@@H]1CN,RAF-POL-f69-2,x0967,Z2873446582,False,False,False,https://covid.postera.ai/covid/submissions/f691468c-021c-41af-9546-40a93b40debc
Cc1ccncc1NC(=O)Nc1ccccc1,ALE-HEI-f28-1,"x0107,x0395,x0434,x0678,x0967,x0991,x1093",Z1130395550,False,False,False,https://covid.postera.ai/covid/submissions/f28a35b5-9f3e-4135-a6b4-7ce39ba4980a
Cc1nnc(CC(=O)Nc2cnccc2C)s1,ALE-HEI-f28-3,"x0107,x0395,x0434,x0678,x0967,x0991,x1093",Z2627791575,False,False,False,https://covid.postera.ai/covid/submissions/f28a35b5-9f3e-4135-a6b4-7ce39ba4980a
Cc1ccncc1NC(=O)CC1CCCCC1,ALE-HEI-f28-6,"x0107,x0395,x0434,x0678,x0967,x0991,x1093",Z1129284100,False,False,False,https://covid.postera.ai/covid/submissions/f28a35b5-9f3e-4135-a6b4-7ce39ba4980a
Cc1ccncc1NC(=O)NC1CCCCC1,ALE-HEI-f28-7,"x0107,x0395,x0434,x0678,x0967,x0991,x1093",Z1531420463,False,False,False,https://covid.postera.ai/covid/submissions/f28a35b5-9f3e-4135-a6b4-7ce39ba4980a
O=C(Nc1cccnc1)NC1CCCCC1,ALE-HEI-f28-8,"x0107,x0395,x0434,x0678,x0967,x0991,x1093",Z44592328,Z44592328,False,False,https://covid.postera.ai/covid/submissions/f28a35b5-9f3e-4135-a6b4-7ce39ba4980a
O=C(CC1CCCCC1)Nc1cccnc1,ALE-HEI-f28-9,"x0107,x0395,x0434,x0678,x0967,x0991,x1093",Z31792168,Z31792168,False,False,https://covid.postera.ai/covid/submissions/f28a35b5-9f3e-4135-a6b4-7ce39ba4980a
CN1CCN(C(=O)Nc2cccnc2)CC1,ALE-HEI-f28-16,"x0107,x0395,x0434,x0678,x0967,x0991,x1093",Z166701880,False,FCH13488461,False,https://covid.postera.ai/covid/submissions/f28a35b5-9f3e-4135-a6b4-7ce39ba4980a
Cc1ccncc1NC(=O)N1CCN(C)CC1,ALE-HEI-f28-17,"x0107,x0395,x0434,x0678,x0967,x0991,x1093",Z1531408828,False,False,False,https://covid.postera.ai/covid/submissions/f28a35b5-9f3e-4135-a6b4-7ce39ba4980a
O=C(CCl)N1CCN(C(c2ccccc2)c2ccccc2)CC1,SIM-SYN-f15-1,"x0692,x1334",Z57821431,Z199040704,EN300-18364,True,https://covid.postera.ai/covid/submissions/f15aaa3a-53a3-4dd7-ba06-87a3faf5de20
NS(=O)(=O)c1ccc(C(=O)N2Cc3ccccc3C(c3ccccc3)C2)cc1,JAR-IMP-ed4-13,x0072,Z1982706704,False,False,False,https://covid.postera.ai/covid/submissions/ed466bb3-a892-4313-81f4-6ae142a100ea
CC(C(=O)O)c1ccc2c(c1)[nH]c1ccc(Cl)cc12,GER-UNI-ec7-1,x0072,False,Z1814381791,EN300-120629,False,https://covid.postera.ai/covid/submissions/ec786817-8c12-4e7b-946b-8359a50e7949
CCC(=O)NCC[C@@H]1CCc2ccc3c(c21)CCO3,JOH-MSK-ec6-2,x0104,False,False,EN300-219936,False,https://covid.postera.ai/covid/submissions/ec639444-3928-40c6-9082-9a0493e2f96a
N#Cc1cccc(NC(=O)Nc2cccnc2)c1,WAR-XCH-eb7-1,"x0305,x0434",Z195739680,Z195739680,False,False,https://covid.postera.ai/covid/submissions/eb7b662f-77ed-403f-aa49-6392e76e4c98
O=C(Nc1cccnc1)Nc1cc(Cl)cc(Cl)c1,WAR-XCH-eb7-3,"x0305,x0434",Z166731548,False,False,False,https://covid.postera.ai/covid/submissions/eb7b662f-77ed-403f-aa49-6392e76e4c98
Cc1cccc(NC(=O)Nc2cccnc2)c1,WAR-XCH-eb7-6,"x0305,x0434",False,Z44592351,False,False,https://covid.postera.ai/covid/submissions/eb7b662f-77ed-403f-aa49-6392e76e4c98
O=C(Nc1cccnc1)Nc1cccc(Cl)c1,WAR-XCH-eb7-7,"x0305,x0434",Z44592325,False,False,False,https://covid.postera.ai/covid/submissions/eb7b662f-77ed-403f-aa49-6392e76e4c98
COc1ccc2[nH]cc(CN(C)C)c2c1,DAR-DIA-eac-35,x0104,False,Z2469657313,EN300-197563,False,https://covid.postera.ai/covid/submissions/eace69ff-146d-41d5-b9c3-4da3a00af79c
O=C(c1ccccc1)N1CCN(C(=O)C2CCOCC2)CC1,GIA-UNK-eaa-1,"x1249,x1385,x1402,x1412",Z73335350,False,False,True,https://covid.postera.ai/covid/submissions/eaadd1d4-e31e-4cbc-ac00-003ff13f6b2b
O=C(C1CCN(S(=O)(=O)c2ccccc2)CC1)N1CCOCC1,GIA-UNK-eaa-3,"x1249,x1385,x1402,x1412",Z28250828,Z28250828,False,True,https://covid.postera.ai/covid/submissions/eaadd1d4-e31e-4cbc-ac00-003ff13f6b2b
N#Cc1c[nH]nc1Cc1cccnc1,STE-UNK-dfa-1,x0107,False,False,BBV-95033539,False,https://covid.postera.ai/covid/submissions/dfade101-62f0-42c4-84a9-64a99b2d8b2e
NC(=O)[C@@H]1CN(Cc2cccnc2)C[C@H]1c1ccccc1,DUN-NEW-d83-1,"x0107,x0874",Z2330669633,False,False,False,https://covid.postera.ai/covid/submissions/d8381160-36c4-4d9e-a16c-2821bb5abd96
COC(=O)c1ccc(S(N)(=O)=O)cc1C,LIZ-THE-d3f-1,"x0161,x0305",False,False,EN300-1617051,False,https://covid.postera.ai/covid/submissions/d3ff4653-606b-4dcf-b3e3-11d22ef78c01
CCN(CCO)CCCC(C)Nc1ccnc2cc(Cl)ccc12,PA -PI -d31-1,x1308,False,False,EN300-122642,True,https://covid.postera.ai/covid/submissions/d312ccf6-ae3a-485e-9700-f36cbbee9fc0
O=C(NC1CCCCC1NC(=O)c1ccncc1)c1ccccc1,GIA-UNK-d2d-2,x0540,Z2648338340,False,False,False,https://covid.postera.ai/covid/submissions/d2defdc3-6611-4e76-b6eb-273d365b95ae
CN1CCC(C(=O)NC2CCCCC2NC(=O)c2ccccc2)CC1,GIA-UNK-d2d-4,x0540,Z2648339571,False,False,False,https://covid.postera.ai/covid/submissions/d2defdc3-6611-4e76-b6eb-273d365b95ae
O=C(C1CCCN1C(=O)c1ccccc1)N1CCOCC1,GIA-UNK-d2d-6,x0540,Z2252052015,False,False,False,https://covid.postera.ai/covid/submissions/d2defdc3-6611-4e76-b6eb-273d365b95ae
CNS(=O)(=O)Cc1ccc2[nH]cc(CCN(C)C)c2c1,TOM-OIS-cbf-2,"x0072,x0104",False,False,EN300-123008,False,https://covid.postera.ai/covid/submissions/cbf37265-7ea6-4367-b10e-220fa928c70f
N#Cc1ccc(CNC(=O)N2CCOCC2)nc1,PET-SGC-cb8-1,"x0305,x1249",Z1765537188,False,False,False,https://covid.postera.ai/covid/submissions/cb83a00c-e3fb-4c22-ab3b-29ae4be63c62
Cc1ccc(OCC(=O)Nc2ccc(C#N)cn2)cc1,PET-SGC-cb6-1,x0305,Z1126792367,False,False,False,https://covid.postera.ai/covid/submissions/cb62ec31-5534-45bb-bc79-d2dfa3432cec
C#CCN1CCN(C(=O)CCl)CC1,TOB-UNK-c2a-1,x1386,Z1562141114,Z2417560794,False,True,https://covid.postera.ai/covid/submissions/c2aba166-fc0c-4b8c-b831-fecfdf920427
C#CCN1CCN(S(=O)(=O)/C=C/c2ccccc2)CC1,TOB-UNK-c2a-4,x1386,Z52669503,False,False,True,https://covid.postera.ai/covid/submissions/c2aba166-fc0c-4b8c-b831-fecfdf920427
NS(=O)(=O)c1ccc2c(c1)N(CC(=O)Nc1cccnc1)CCC2,TAM-UNI-c14-6,"x0072,x0104,x0195,x0434,x0678,x0946,x1093",Z1317948551,False,False,False,https://covid.postera.ai/covid/submissions/c140e31a-e135-4c52-bab1-22015c27a67b
NC(=O)c1nc(Cl)cnc1O,JAS-UND-c13-1,"x0107,x0434,x0946,x0981",False,False,BBV-77538590,True,https://covid.postera.ai/covid/submissions/c13ee042-92f2-4c6b-92c1-5fe6db2214f2
C=CC(=O)N1CCCN(Cc2ccccc2)CC1,ANT-OPE-c0c-1,x0831,Z1937798708,False,BBV-75802684,True,https://covid.postera.ai/covid/submissions/c0c3e7cc-d84c-4086-99e2-cbf4c6968220
CCC(=O)OC(OP(=O)(CCCCc1ccccc1)CC(=O)N1C[C@H](C2CCCCC2)C[C@H]1C(=O)O)C(C)C,DAV-UNI-bdc-2,x0072,False,False,EN300-1710061,False,https://covid.postera.ai/covid/submissions/bdcebb58-a1a9-4777-a1c1-1a7a108e9e8f
C=CC(=O)NCc1ccc(C(=O)NCc2cc(C)cc3c(C)c(C)[nH]c23)cc1,JUA-UNI-bc0-2,x1382,Z970632906,False,False,True,https://covid.postera.ai/covid/submissions/bc099708-66e5-490d-b218-fa749db19489
C=CC(=O)NCc1ccc(C(=O)N[C@H](CO)c2ccc(Br)c(F)c2)cc1,JUA-UNI-bc0-4,x1382,Z2230105989,False,False,True,https://covid.postera.ai/covid/submissions/bc099708-66e5-490d-b218-fa749db19489
CS(=O)(=O)NCCc1cccnc1,ANT-DIA-b7f-1,"x0072,x0305,x0387",False,Z300622420,False,False,https://covid.postera.ai/covid/submissions/b7f58f21-5871-4330-a23f-4dac830ca6c2
CC(=O)NCCc1ccccc1,ANT-DIA-b7f-4,"x0072,x0305,x0387",False,False,BBV-39132223,False,https://covid.postera.ai/covid/submissions/b7f58f21-5871-4330-a23f-4dac830ca6c2
CS(=O)(=O)NCCc1cscn1,ANT-DIA-b7f-5,"x0072,x0305,x0387",False,False,BBV-39159100,False,https://covid.postera.ai/covid/submissions/b7f58f21-5871-4330-a23f-4dac830ca6c2
NS(=O)(=O)c1ccc(N2CCSCC2)cc1,WAR-XCH-b72-1,"x0072,x0104,x0107,x0161,x0165",Z3075619297,False,False,False,https://covid.postera.ai/covid/submissions/b72a1bbc-3109-4136-8868-20f784c25f5e
NS(=O)(=O)c1ccc(-c2ccncc2)cc1,WAR-XCH-b72-2,"x0072,x0104,x0107,x0161,x0165",Z3245010652,False,False,False,https://covid.postera.ai/covid/submissions/b72a1bbc-3109-4136-8868-20f784c25f5e
NS(=O)(=O)c1ccc(-c2ccsc2)cc1,WAR-XCH-b72-3,"x0072,x0104,x0107,x0161,x0165",s_271570____9007614____11652064,False,False,False,https://covid.postera.ai/covid/submissions/b72a1bbc-3109-4136-8868-20f784c25f5e
Cc1ccncc1-c1ccc(S(N)(=O)=O)cc1,WAR-XCH-b72-4,"x0072,x0104,x0107,x0161,x0165",s_271570____11771154____11652286,False,False,False,https://covid.postera.ai/covid/submissions/b72a1bbc-3109-4136-8868-20f784c25f5e
NS(=O)(=O)c1ccc(N2CCC(c3ccco3)CC2)cc1,WAR-XCH-b72-7,"x0072,x0104,x0107,x0161,x0165",Z3077528599,False,False,False,https://covid.postera.ai/covid/submissions/b72a1bbc-3109-4136-8868-20f784c25f5e
NS(=O)(=O)c1ccc(N2CCC(c3nc4ccccc4s3)CC2)cc1,WAR-XCH-b72-8,"x0072,x0104,x0107,x0161,x0165",Z3075339619,False,False,False,https://covid.postera.ai/covid/submissions/b72a1bbc-3109-4136-8868-20f784c25f5e
COC1CCN(c2ccc(S(N)(=O)=O)cc2)CC1,WAR-XCH-b72-9,"x0072,x0104,x0107,x0161,x0165",Z3075430846,False,False,False,https://covid.postera.ai/covid/submissions/b72a1bbc-3109-4136-8868-20f784c25f5e
NS(=O)(=O)c1ccc(N2CCC(N3CCCCC3)CC2)cc1,WAR-XCH-b72-10,"x0072,x0104,x0107,x0161,x0165",Z3075633657,False,False,False,https://covid.postera.ai/covid/submissions/b72a1bbc-3109-4136-8868-20f784c25f5e
NS(=O)(=O)c1ccc(N2CCC(N3CCCCCC3)CC2)cc1,WAR-XCH-b72-11,"x0072,x0104,x0107,x0161,x0165",Z3075633657,False,False,False,https://covid.postera.ai/covid/submissions/b72a1bbc-3109-4136-8868-20f784c25f5e
NS(=O)(=O)c1ccc(N2CCC(CO)CC2)cc1,WAR-XCH-b72-14,"x0072,x0104,x0107,x0161,x0165",Z3075599001,False,False,False,https://covid.postera.ai/covid/submissions/b72a1bbc-3109-4136-8868-20f784c25f5e
NS(=O)(=O)c1ccc(N2CCC(c3ccncc3)CC2)cc1,WAR-XCH-b72-15,"x0072,x0104,x0107,x0161,x0165",Z3076880033,False,False,False,https://covid.postera.ai/covid/submissions/b72a1bbc-3109-4136-8868-20f784c25f5e
NS(=O)(=O)c1ccc(N2CCC(c3ccsc3)CC2)cc1,WAR-XCH-b72-16,"x0072,x0104,x0107,x0161,x0165",Z3076733213,False,False,False,https://covid.postera.ai/covid/submissions/b72a1bbc-3109-4136-8868-20f784c25f5e
NS(=O)(=O)c1ccc(N2CCC([C@@H]3CCCO3)CC2)cc1,WAR-XCH-b72-18,"x0072,x0104,x0107,x0161,x0165",Z3076817374,False,False,False,https://covid.postera.ai/covid/submissions/b72a1bbc-3109-4136-8868-20f784c25f5e
NS(=O)(=O)c1ccc(N2CCC(CN3CCCCC3)CC2)cc1,WAR-XCH-b72-19,"x0072,x0104,x0107,x0161,x0165",Z3075583038,False,False,False,https://covid.postera.ai/covid/submissions/b72a1bbc-3109-4136-8868-20f784c25f5e
NS(=O)(=O)c1ccc(N2CCC(CN3CCCCCC3)CC2)cc1,WAR-XCH-b72-20,"x0072,x0104,x0107,x0161,x0165",Z3075583038,False,False,False,https://covid.postera.ai/covid/submissions/b72a1bbc-3109-4136-8868-20f784c25f5e
COCC1CCN(c2ccc(S(N)(=O)=O)cc2)CC1,WAR-XCH-b72-23,"x0072,x0104,x0107,x0161,x0165",Z3076106732,False,False,False,https://covid.postera.ai/covid/submissions/b72a1bbc-3109-4136-8868-20f784c25f5e
CCSCC1CCN(c2ccc(S(N)(=O)=O)cc2)CC1,WAR-XCH-b72-39,"x0072,x0104,x0107,x0161,x0165",Z4027228808,False,False,False,https://covid.postera.ai/covid/submissions/b72a1bbc-3109-4136-8868-20f784c25f5e
CC(C)N(C)CC1CCN(c2ccc(S(N)(=O)=O)cc2)CC1,WAR-XCH-b72-48,"x0072,x0104,x0107,x0161,x0165",Z3075655616,False,False,False,https://covid.postera.ai/covid/submissions/b72a1bbc-3109-4136-8868-20f784c25f5e
CCN(C)CC1CCN(c2ccc(S(N)(=O)=O)cc2)CC1,WAR-XCH-b72-49,"x0072,x0104,x0107,x0161,x0165",Z3394588817,False,False,False,https://covid.postera.ai/covid/submissions/b72a1bbc-3109-4136-8868-20f784c25f5e
CC(C)NC1CCN(c2ccc(S(N)(=O)=O)cc2)CC1,WAR-XCH-b68-23,"x0072,x0104,x0107,x0161,x0165",Z3075936836,False,False,False,https://covid.postera.ai/covid/submissions/b6889685-5fe5-4b2c-9cfd-330c9ed47202
Cc1ccc(NC2CCN(c3ccc(S(N)(=O)=O)cc3)CC2)cc1,WAR-XCH-b68-25,"x0072,x0104,x0107,x0161,x0165",Z3075907363,False,False,False,https://covid.postera.ai/covid/submissions/b6889685-5fe5-4b2c-9cfd-330c9ed47202
NS(=O)(=O)c1ccc(N2CCC(Nc3ccc(F)cc3)CC2)cc1,WAR-XCH-b68-26,"x0072,x0104,x0107,x0161,x0165",Z3075685411,False,False,False,https://covid.postera.ai/covid/submissions/b6889685-5fe5-4b2c-9cfd-330c9ed47202
Cc1cccc(NC2CCN(c3ccc(S(N)(=O)=O)cc3)CC2)c1,WAR-XCH-b68-27,"x0072,x0104,x0107,x0161,x0165",Z3076198092,False,False,False,https://covid.postera.ai/covid/submissions/b6889685-5fe5-4b2c-9cfd-330c9ed47202
NS(=O)(=O)c1ccc(N2CCC(Nc3ccccc3)CC2)cc1,WAR-XCH-b68-29,"x0072,x0104,x0107,x0161,x0165",Z3075781669,False,False,False,https://covid.postera.ai/covid/submissions/b6889685-5fe5-4b2c-9cfd-330c9ed47202
CC(NC1CCN(c2ccc(S(N)(=O)=O)cc2)CC1)c1ccc(F)cc1,WAR-XCH-b68-48,"x0072,x0104,x0107,x0161,x0165",Z1586740055,False,False,False,https://covid.postera.ai/covid/submissions/b6889685-5fe5-4b2c-9cfd-330c9ed47202
CC(=O)N1CCN(Cc2cccc(C#N)c2)CC1,PAT-UNK-b2d-1,"x0104,x0692",Z46180946,Z46180946,False,True,https://covid.postera.ai/covid/submissions/b2d83456-e4d0-4e2b-9117-b154002b1beb
O=C(Nc1ccc(Oc2ncccn2)cc1)C(=O)N1CCN(Cc2cccs2)CC1,MAK-UNK-b1d-3,x1418,Z755740660,False,False,True,https://covid.postera.ai/covid/submissions/b1d4dcd7-6bcf-407e-973d-7952a4ec47e4
Cc1ccc(CC(=O)NCCCc2ccsc2)cc1,MAK-UNK-ace-8,x0387,Z3091787313,False,False,False,https://covid.postera.ai/covid/submissions/acefcb18-87d7-44c9-847b-c94ec5384156
CC1CCN(c2ccsc2)CC1,MAK-UNK-ace-12,x0387,False,False,BBV-148961859,False,https://covid.postera.ai/covid/submissions/acefcb18-87d7-44c9-847b-c94ec5384156
CS(=O)(=O)NCCCN1CCCc2ccc(S(N)(=O)=O)cc21,PET-SGC-abc-1,"x0072,x0195",Z1317949071,False,False,False,https://covid.postera.ai/covid/submissions/abcbce68-2b83-449f-a9fd-6d4b341132f2
CC(=O)NCCc1c[nH]c2ccc(O)cc12,JOH-MSK-a63-4,x0104,Z3206996697,False,FCH1679293,False,https://covid.postera.ai/covid/submissions/a63bdd1d-09b8-4791-9be4-0dea837c1138
COc1ccc2[nH]cc(CCN)c2c1,JOH-MSK-a63-7,x0104,False,Z1698584701,EN300-75859,False,https://covid.postera.ai/covid/submissions/a63bdd1d-09b8-4791-9be4-0dea837c1138
COc1ccc2[nH]c3c(c2c1)CCNC3,JOH-MSK-a63-8,x0104,False,Z2574931994,EN300-374268,False,https://covid.postera.ai/covid/submissions/a63bdd1d-09b8-4791-9be4-0dea837c1138
O=C(CC1CCCCC1)Nc1cccnc1,FRA-FAC-9ed-1,x0395,Z31792168,Z31792168,False,False,https://covid.postera.ai/covid/submissions/9ed5a63a-61dc-463f-b2cf-de1c43d4d2d9
O=C(Nc1cccnc1)NC1CCC(F)CC1,FRA-FAC-9ed-3,x0395,Z1874822047,False,False,False,https://covid.postera.ai/covid/submissions/9ed5a63a-61dc-463f-b2cf-de1c43d4d2d9
COc1ccc2[nH]cc(CCNS(C)(=O)=O)c2c1,MAR-UNI-9ca-1,"x0104,x0161,x0195",False,Z1316790959,False,False,https://covid.postera.ai/covid/submissions/9ca61fdc-c9da-4eac-a461-cac25a6e00f3
Cc1ccc(S(=O)(=O)Nc2cccc(Cl)c2)cc1NC(=O)CCn1c(=O)n(C)c2ccccc21,SER-UNI-985-3,"x0104,x0107,x0195,x0434",False,Z238537796,False,False,https://covid.postera.ai/covid/submissions/985a0e14-d133-42ec-9ee4-e6fbdf232e58
CCc1ccccc1Nc1nc(N)nc(CSc2nnc3ccccn23)n1,SER-UNI-985-4,"x0104,x0107,x0195,x0434",Z20242202,Z20242202,False,False,https://covid.postera.ai/covid/submissions/985a0e14-d133-42ec-9ee4-e6fbdf232e58
O=C(NCCN1CCN(c2ccccc2)CC1)NCc1ccccn1,TRI-UNI-974-1,x0434,Z432464280,False,False,False,https://covid.postera.ai/covid/submissions/97428359-b6ae-4c5a-a83a-a96ce443bb25
CS(=O)(=O)Nc1cccc(C(=O)OCC(=O)Nc2cccc(N3CCCC3=O)c2)c1,MAK-UNK-915-4,x1384,Z201863772,False,False,True,https://covid.postera.ai/covid/submissions/9159f8ed-0ecf-4595-9756-c136bb7759c8
CS(=O)(=O)Nc1cccc(C(=O)Nc2cccc(N3CCCC3=O)c2)c1,MAK-UNK-915-6,x1384,Z102622686,Z102622686,False,True,https://covid.postera.ai/covid/submissions/9159f8ed-0ecf-4595-9756-c136bb7759c8
CCn1nccc1NC(=O)N1CCCCCO1,RAF-POL-8f8-1,x0967,Z2475022023,False,False,False,https://covid.postera.ai/covid/submissions/8f876833-0110-422e-b7d1-c137cb96a9a6
Cc1ccc(S(=O)(=O)Nc2c(-c3cccnc3)nc3ccccn23)c(C)c1,FRA-BIO-8bf-1,"x0107,x0434,x0874,x0995",Z1393190461,False,False,False,https://covid.postera.ai/covid/submissions/8bf1eac9-97bc-474e-bd94-1df6e595278f
Cc1cc(C(C)(C)C)ccc1OC[C@H](O)Cn1cnccc1=O,FRA-BIO-8bf-7,"x0107,x0434,x0874,x0995",Z1347557460,False,False,False,https://covid.postera.ai/covid/submissions/8bf1eac9-97bc-474e-bd94-1df6e595278f
O=S(=O)(Cc1nc(-c2ccncc2)no1)Nc1ccc(N2CCCCC2)cc1,FRA-BIO-8bf-12,"x0107,x0434,x0874,x0995",Z1197799213,False,False,False,https://covid.postera.ai/covid/submissions/8bf1eac9-97bc-474e-bd94-1df6e595278f
O=C(Nc1cccnc1)Nc1ccsc1,DAR-DIA-842-1,"x0434,x0678,x1093",Z1430585289,Z1430585289,False,False,https://covid.postera.ai/covid/submissions/842b4336-52ca-4c6b-8ce6-32b358f4f1b3
Cn1cc(NC(=O)Nc2cccnc2)cn1,DAR-DIA-842-2,"x0434,x0678,x1093",Z603563998,False,FCH9186936,False,https://covid.postera.ai/covid/submissions/842b4336-52ca-4c6b-8ce6-32b358f4f1b3
Cc1ccc(NC(=O)Nc2cccnc2)s1,DAR-DIA-842-3,"x0434,x0678,x1093",Z1286870272,False,False,False,https://covid.postera.ai/covid/submissions/842b4336-52ca-4c6b-8ce6-32b358f4f1b3
O=C(Cc1ccsc1)Nc1cccnc1,DAR-DIA-842-10,"x0434,x0678,x1093",Z31791777,False,False,False,https://covid.postera.ai/covid/submissions/842b4336-52ca-4c6b-8ce6-32b358f4f1b3
Cn1cc(CC(=O)Nc2cccnc2)cn1,DAR-DIA-842-11,"x0434,x0678,x1093",Z993021208,False,False,False,https://covid.postera.ai/covid/submissions/842b4336-52ca-4c6b-8ce6-32b358f4f1b3
Cc1ccc(CC(=O)Nc2cccnc2)s1,DAR-DIA-842-12,"x0434,x0678,x1093",Z815312198,False,False,False,https://covid.postera.ai/covid/submissions/842b4336-52ca-4c6b-8ce6-32b358f4f1b3
O=C(Cc1ccc(Cl)s1)Nc1cccnc1,DAR-DIA-842-13,"x0434,x0678,x1093",Z2010253653,False,False,False,https://covid.postera.ai/covid/submissions/842b4336-52ca-4c6b-8ce6-32b358f4f1b3
Cc1ccnc(NC(=O)Cc2ccc3ccccc3c2)c1,ÁLV-UNI-7ff-45,"x0395,x0426,x0434,x0540,x0678,x0830,x1093",Z71390073,Z71390073,False,True,https://covid.postera.ai/covid/submissions/7ff1a6f9-745f-4b82-81e0-c1d353ea5dfe
O=C(Cc1ccc2ccccc2c1)Nc1cc(C(F)(F)F)ccn1,ÁLV-UNI-7ff-46,"x0395,x0426,x0434,x0540,x0678,x0830,x1093",Z1631501979,False,False,True,https://covid.postera.ai/covid/submissions/7ff1a6f9-745f-4b82-81e0-c1d353ea5dfe
COc1ccnc(NC(=O)Cc2ccc3ccccc3c2)c1,ÁLV-UNI-7ff-47,"x0395,x0426,x0434,x0540,x0678,x0830,x1093",Z1535580916,False,False,True,https://covid.postera.ai/covid/submissions/7ff1a6f9-745f-4b82-81e0-c1d353ea5dfe
CO[C@@H]1C[C@@H](COc2cccnc2)N(c2ncccn2)C1,AUS-ARG-7cf-1,x0678,False,Z2052657402,False,False,https://covid.postera.ai/covid/submissions/7cfdce8f-c9ba-4bbe-be8f-cc33c3aa5502
COc1ccc(C2CC(C)N(S(=O)(=O)c3cccnc3)C2)cc1,AUS-ARG-7cf-2,x0678,False,Z1241530720,False,False,https://covid.postera.ai/covid/submissions/7cfdce8f-c9ba-4bbe-be8f-cc33c3aa5502
COc1ccc2c(c1)CCCC2CNc1cn[nH]c(=O)c1Cl,AUS-ARG-7cf-3,x0678,Z1696269753,Z1696269753,False,False,https://covid.postera.ai/covid/submissions/7cfdce8f-c9ba-4bbe-be8f-cc33c3aa5502
COc1ccc2[nH]cc(C3CCN(C(C)c4cnccn4)CC3)c2c1,AUS-ARG-7cf-4,x0678,Z1699712075,Z1699712075,False,False,https://covid.postera.ai/covid/submissions/7cfdce8f-c9ba-4bbe-be8f-cc33c3aa5502
Cc1cc2ncn(-c3nc(-c4cccnc4)nc4ccccc34)c2cc1C,AUS-ARG-7cf-5,x0678,False,Z31160277,False,False,https://covid.postera.ai/covid/submissions/7cfdce8f-c9ba-4bbe-be8f-cc33c3aa5502
Cc1ccc(-c2n[nH]cc2CNCc2cccnc2)cc1,AUS-ARG-7cf-6,x0678,False,Z211321020,False,False,https://covid.postera.ai/covid/submissions/7cfdce8f-c9ba-4bbe-be8f-cc33c3aa5502
Cc1ccc(Oc2nc(-c3cccnc3)nc3ccccc23)cc1C,AUS-ARG-7cf-7,x0678,False,Z31237501,False,False,https://covid.postera.ai/covid/submissions/7cfdce8f-c9ba-4bbe-be8f-cc33c3aa5502
Cc1nc(C2Nc3ccccc3C(=O)N2Cc2cccnc2)cs1,AUS-ARG-7cf-8,x0678,Z951208878,Z951208878,False,False,https://covid.postera.ai/covid/submissions/7cfdce8f-c9ba-4bbe-be8f-cc33c3aa5502
Fc1ccc(Oc2nc(-c3cccnc3)nc3ccccc23)c(Br)c1,AUS-ARG-7cf-9,x0678,False,Z31117525,False,False,https://covid.postera.ai/covid/submissions/7cfdce8f-c9ba-4bbe-be8f-cc33c3aa5502
Fc1ccc(Oc2nc(-c3cccnc3)nc3ccccc23)c(Cl)c1,AUS-ARG-7cf-10,x0678,False,Z31232563,False,False,https://covid.postera.ai/covid/submissions/7cfdce8f-c9ba-4bbe-be8f-cc33c3aa5502
O=C(CC(c1ccccc1)c1ccccc1)Nc1cccnc1,AUS-ARG-7cf-11,x0678,Z31791938,Z31791938,False,False,https://covid.postera.ai/covid/submissions/7cfdce8f-c9ba-4bbe-be8f-cc33c3aa5502
Cc1nn(-c2ccc(C(F)(F)F)cn2)c(C)c1CC(=O)NC(C)c1cccc(F)c1,AUS-ARG-7cf-12,x0678,False,Z450352438,False,False,https://covid.postera.ai/covid/submissions/7cfdce8f-c9ba-4bbe-be8f-cc33c3aa5502
O=C(NCCC(c1ccccc1)c1ccccc1)c1cnccn1,AUS-ARG-7cf-13,x0678,Z26816560,Z26816560,False,False,https://covid.postera.ai/covid/submissions/7cfdce8f-c9ba-4bbe-be8f-cc33c3aa5502
Cc1nn(-c2ccc(C(F)(F)F)cn2)c(C)c1CC(=O)NCc1ccc(Cl)cc1,AUS-ARG-7cf-14,x0678,False,Z444805898,False,False,https://covid.postera.ai/covid/submissions/7cfdce8f-c9ba-4bbe-be8f-cc33c3aa5502
O=S1(=O)CCC(N2CCN(c3nc(-c4cccnc4)nc4ccccc34)CC2)C1,AUS-ARG-7cf-15,x0678,Z90167687,Z90167687,False,False,https://covid.postera.ai/covid/submissions/7cfdce8f-c9ba-4bbe-be8f-cc33c3aa5502
c1cncc(-c2nc(Oc3ccc4ccccc4c3)c3ccccc3n2)c1,AUS-ARG-7cf-16,x0678,False,Z31222567,False,False,https://covid.postera.ai/covid/submissions/7cfdce8f-c9ba-4bbe-be8f-cc33c3aa5502
CO[C@@H]1C[C@@H](c2nc(C)c(C)[nH]2)N(S(=O)(=O)c2cccnc2)C1,AUS-ARG-7cf-17,x0678,Z2383198541,Z2383198541,False,False,https://covid.postera.ai/covid/submissions/7cfdce8f-c9ba-4bbe-be8f-cc33c3aa5502
c1cnc2nc(SCCC34CC5CC(CC(C5)C3)C4)nn2c1,AUS-ARG-7cf-18,x0678,False,Z215364618,False,False,https://covid.postera.ai/covid/submissions/7cfdce8f-c9ba-4bbe-be8f-cc33c3aa5502
CCC(=O)NCC[C@@H]1CCc2ccccc21,ANT-OPE-7c1-1,x0104,Z2282823915,False,False,False,https://covid.postera.ai/covid/submissions/7c194559-82e1-4c86-8541-47413b090e32
O=C(CCl)N1CCC(C(=O)N2CCCCC2)CC1,VIR-GIT-7b3-2,"x1380,x1458",False,Z291278798,EN300-46675,True,https://covid.postera.ai/covid/submissions/7b3d3065-7119-4dff-b3fd-df4d793955e8
CC(C)N(C)C(=O)C1CCN(C(=O)CCl)CC1,VIR-GIT-7b3-3,"x1380,x1458",False,Z561717446,EN300-47990,True,https://covid.postera.ai/covid/submissions/7b3d3065-7119-4dff-b3fd-df4d793955e8
Cc1ccc(C)c(S(=O)(=O)N2CCN(C(=O)CCl)CC2)c1,WAR-XCH-79d-6,"x1478,x1493",Z166605410,Z166605410,EN300-22818,True,https://covid.postera.ai/covid/submissions/79d12f6e-a32e-4f5a-9965-cd14d93bc08a
CC(=O)N1CCN(S(=O)(=O)c2cccc(-c3ccccc3)c2)CC1,ANT-OPE-782-2,x0769,Z2068569582,False,False,True,https://covid.postera.ai/covid/submissions/7824651a-b925-4e89-8467-73baea78e85d
CN(c1nccnc1C#N)S(C)(=O)=O,DR -UNK-762-1,x0981,False,False,BBV-82785512,True,https://covid.postera.ai/covid/submissions/7620afc8-0761-4fc2-a4a7-2dd064223d0f
Cc1ccc(NC(=O)Nc2cn[nH]c2)cc1C,CAS-DEP-751-5,x0104,Z813122724,False,False,False,https://covid.postera.ai/covid/submissions/751a2458-4d70-431d-ad9e-3151895919bc
Cc1cccc(CN2CCC(C#N)CC2)c1,JOO-PER-74f-1,x0692,Z951437880,False,False,True,https://covid.postera.ai/covid/submissions/74f994a9-1105-439b-9ace-92668cae352a
Cc1ccncc1NC(=O)CC1CCCCC1,TRY-UNI-714-4,"x0107,x0434,x0678,x0748,x0995,x1382",Z1129284100,False,False,True,https://covid.postera.ai/covid/submissions/714a760b-0e02-4b09-8736-f27f854f8c22
Cc1ccncc1NC(=O)Cc1cccc(Cl)c1,TRY-UNI-714-6,"x0107,x0434,x0678,x0748,x0995,x1382",Z1129289650,False,False,True,https://covid.postera.ai/covid/submissions/714a760b-0e02-4b09-8736-f27f854f8c22
Cc1ccncc1NC(=O)NC1CCCCC1,TRY-UNI-714-10,"x0107,x0434,x0678,x0748,x0995,x1382",Z1531420463,False,False,True,https://covid.postera.ai/covid/submissions/714a760b-0e02-4b09-8736-f27f854f8c22
Cc1ccncc1NC(=O)Nc1ccccc1,TRY-UNI-714-11,"x0107,x0434,x0678,x0748,x0995,x1382",Z1130395550,False,False,True,https://covid.postera.ai/covid/submissions/714a760b-0e02-4b09-8736-f27f854f8c22
Cc1ccncc1NC(=O)C(C)c1ccccc1,TRY-UNI-714-17,"x0107,x0434,x0678,x0748,x0995,x1382",Z1724389531,False,False,True,https://covid.postera.ai/covid/submissions/714a760b-0e02-4b09-8736-f27f854f8c22
Cc1ccncc1NC(=O)C(C)c1cccc(Cl)c1,TRY-UNI-714-18,"x0107,x0434,x0678,x0748,x0995,x1382",Z1264525706,False,False,True,https://covid.postera.ai/covid/submissions/714a760b-0e02-4b09-8736-f27f854f8c22
Cc1ccncc1NC(=O)Cc1cccc(C#N)c1,TRY-UNI-714-20,"x0107,x0434,x0678,x0748,x0995,x1382",Z1344037997,False,False,True,https://covid.postera.ai/covid/submissions/714a760b-0e02-4b09-8736-f27f854f8c22
Cc1ccncc1NC(=O)C(C)c1cccc(C#N)c1,TRY-UNI-714-22,"x0107,x0434,x0678,x0748,x0995,x1382",Z2186659954,False,False,True,https://covid.postera.ai/covid/submissions/714a760b-0e02-4b09-8736-f27f854f8c22
Cc1ccncc1NC(=O)Cc1ccc(S(N)(=O)=O)cc1,GAB-REV-70c-20,x0107,Z1135790839,False,False,False,https://covid.postera.ai/covid/submissions/70cc3ca5-4d41-47eb-9e1f-469fd61a0f20
O=C(Nc1ccccc1Cl)c1cc(Cl)ccc1O,CHR-SOS-709-4,"x0107,x0161,x0195,x0678,x0946",Z241957544,Z2335631771,EN300-199753,False,https://covid.postera.ai/covid/submissions/7098f804-b66c-4fb6-89f4-8e4e0c78a7cb
O=C(Nc1ccccc1)c1cc(Cl)ccc1O,CHR-SOS-709-7,"x0107,x0161,x0195,x0678,x0946",Z56871780,Z56871780,False,False,https://covid.postera.ai/covid/submissions/7098f804-b66c-4fb6-89f4-8e4e0c78a7cb
O=C(Nc1ccccc1)c1cccc(Cl)c1,CHR-SOS-709-8,"x0107,x0161,x0195,x0678,x0946",Z27782644,False,False,False,https://covid.postera.ai/covid/submissions/7098f804-b66c-4fb6-89f4-8e4e0c78a7cb
O=C(Nc1ccccc1)c1ccccc1,CHR-SOS-709-9,"x0107,x0161,x0195,x0678,x0946",Z27782673,Z27782673,EN300-15536,False,https://covid.postera.ai/covid/submissions/7098f804-b66c-4fb6-89f4-8e4e0c78a7cb
O=C(Nc1cccnc1)c1cc(Cl)ccc1O,CHR-SOS-709-11,"x0107,x0161,x0195,x0678,x0946",Z280470232,Z280470232,False,False,https://covid.postera.ai/covid/submissions/7098f804-b66c-4fb6-89f4-8e4e0c78a7cb
O=C(Nc1cccnc1)c1cccc(Cl)c1,CHR-SOS-709-12,"x0107,x0161,x0195,x0678,x0946",Z31791487,Z31791487,FCH3040258,False,https://covid.postera.ai/covid/submissions/7098f804-b66c-4fb6-89f4-8e4e0c78a7cb
COc1ccc(S(N)(=O)=O)cc1,LIZ-THE-6ef-3,x0161,False,Z45415561,EN300-26990,False,https://covid.postera.ai/covid/submissions/6efed59f-d3bc-475c-804f-bc775f1ec88c
O=C(O)C1=C[C@@H](O)[C@@H](O)[C@H](O)C1,NAA-THE-6df-1,x0161,False,False,EN300-208879,False,https://covid.postera.ai/covid/submissions/6df3c070-1c32-4229-9725-db2a7d16c8c6
Cc1ccncc1NC(=O)Cc1ccsc1,MIH-UNI-6b9-1,"x0072,x0107,x0161,x0305,x0387,x0434,x0874",Z1129283352,False,False,False,https://covid.postera.ai/covid/submissions/6b9ca91a-6b9b-44fd-8829-110925483394
O=C(c1cc2sccc2s1)N1CCOC(CN2CCOCC2)C1,JAR-KUA-672-1,x0072,Z2782173902,False,False,False,https://covid.postera.ai/covid/submissions/672ec752-1201-422d-83dc-d40faf5ded3c
c1ccc(OC2CN(Cc3c[nH]cn3)C2)cc1,JAR-KUA-672-2,x0072,Z2015677308,False,False,False,https://covid.postera.ai/covid/submissions/672ec752-1201-422d-83dc-d40faf5ded3c
CN1CCN(C(=O)CNc2c(S(N)(=O)=O)ccc3ccccc23)CC1,JAR-KUA-672-3,x0072,Z3075792052,False,False,False,https://covid.postera.ai/covid/submissions/672ec752-1201-422d-83dc-d40faf5ded3c
O=S1(=O)c2ccccc2CN1CCN1CCCCC1,JAR-KUA-672-5,x0072,Z2721976252,False,False,False,https://covid.postera.ai/covid/submissions/672ec752-1201-422d-83dc-d40faf5ded3c
O=S(=O)(Nc1nsc2ccccc12)c1ccc2ccccc2c1,JAR-KUA-672-6,x0072,Z55018459,False,False,False,https://covid.postera.ai/covid/submissions/672ec752-1201-422d-83dc-d40faf5ded3c
c1coc(CC2CN(Cc3cc4ccccc4[nH]3)C2)c1,JAR-KUA-672-8,x0072,Z2717387516,False,False,False,https://covid.postera.ai/covid/submissions/672ec752-1201-422d-83dc-d40faf5ded3c
c1ccc2ncc(CN3CC(Cc4ccoc4)C3)cc2c1,JAR-KUA-672-9,x0072,Z2978535542,False,False,False,https://covid.postera.ai/covid/submissions/672ec752-1201-422d-83dc-d40faf5ded3c
Cc1ccnc(CN2CCCC3(CCOC3)C2)c1,JAR-KUA-672-10,x0072,Z2279157964,False,False,False,https://covid.postera.ai/covid/submissions/672ec752-1201-422d-83dc-d40faf5ded3c
Cc1ccc2cc(CNCC(=O)N3CCN(C)CC3)[nH]c2c1,JAR-KUA-672-11,x0072,Z2589661643,False,False,False,https://covid.postera.ai/covid/submissions/672ec752-1201-422d-83dc-d40faf5ded3c
CS(=O)(=O)c1ccc(CNc2nc3ccccc3[nH]2)s1,JAR-KUA-672-12,x0072,Z1815897797,False,False,False,https://covid.postera.ai/covid/submissions/672ec752-1201-422d-83dc-d40faf5ded3c
CCc1ccc(CN2CCN(CCc3ccns3)CC2)cc1,JAR-KUA-672-13,x0072,s_2230____12896890____13152732,False,False,False,https://covid.postera.ai/covid/submissions/672ec752-1201-422d-83dc-d40faf5ded3c
CCNCc1cn(CC(=O)N2CCN(C)CC2)nn1,JAR-KUA-672-14,x0072,Z2845184219,False,False,False,https://covid.postera.ai/covid/submissions/672ec752-1201-422d-83dc-d40faf5ded3c
C[C@H]1c2ccccc2CCN1c1nnnn1C,RAF-POL-653-1,x0967,Z2409509707,False,False,False,https://covid.postera.ai/covid/submissions/653f0897-4480-4f0f-b692-68fa9301f6b8
CC(=O)N1CCN(S(=O)(=O)c2cccs2)CC1,MAK-UNK-643-1,x0689,Z29501928,Z29501928,False,True,https://covid.postera.ai/covid/submissions/6435e6c2-dc42-42f5-abd6-f02cfaa2ab3f
CC(=O)N1CCN(Cc2cccs2)CC1,MAK-UNK-643-2,x0689,Z73427756,False,False,True,https://covid.postera.ai/covid/submissions/6435e6c2-dc42-42f5-abd6-f02cfaa2ab3f
CC(=O)N1CCN(Cc2ccsc2)CC1,MAK-UNK-643-3,x0689,Z110132172,Z110132172,False,True,https://covid.postera.ai/covid/submissions/6435e6c2-dc42-42f5-abd6-f02cfaa2ab3f
CC(=O)Nc1cccc(N2CCCC2=O)c1,MAK-UNK-643-4,x0689,Z55670923,False,False,True,https://covid.postera.ai/covid/submissions/6435e6c2-dc42-42f5-abd6-f02cfaa2ab3f
CC(=O)N1CCN(S(=O)(=O)c2cccc(F)c2)CC1,MAK-UNK-643-5,x0689,Z30722976,Z30722976,False,True,https://covid.postera.ai/covid/submissions/6435e6c2-dc42-42f5-abd6-f02cfaa2ab3f
CC(=O)N1CCN(S(=O)(=O)c2c(F)cccc2F)CC1,MAK-UNK-643-6,x0689,Z30727410,False,False,True,https://covid.postera.ai/covid/submissions/6435e6c2-dc42-42f5-abd6-f02cfaa2ab3f
COC(=O)c1cccc(NS(C)(=O)=O)c1,MAK-UNK-643-7,x0689,Z24758179,Z24758179,EN300-318985,True,https://covid.postera.ai/covid/submissions/6435e6c2-dc42-42f5-abd6-f02cfaa2ab3f
CC(=O)Nc1cnccc1C,MAK-UNK-643-8,x0689,False,Z1129283193,EN300-303896,True,https://covid.postera.ai/covid/submissions/6435e6c2-dc42-42f5-abd6-f02cfaa2ab3f
CC1C(O)CCCN1Cc1ccccc1,MAK-UNK-643-9,x0689,False,Z2217052426,EN300-223218,True,https://covid.postera.ai/covid/submissions/6435e6c2-dc42-42f5-abd6-f02cfaa2ab3f
CC(=O)N1CCN(S(=O)(=O)c2ccsc2)CC1,MAK-UNK-643-10,x0689,Z2068569549,False,False,True,https://covid.postera.ai/covid/submissions/6435e6c2-dc42-42f5-abd6-f02cfaa2ab3f
CC(=O)N1CCN(S(=O)(=O)c2ccsc2)CC1,MAK-UNK-643-11,x0689,Z2068569549,False,False,True,https://covid.postera.ai/covid/submissions/6435e6c2-dc42-42f5-abd6-f02cfaa2ab3f
N#Cc1cccc(NC(=O)Nc2cccnc2)c1,JOR-UNI-61e-2,"x0305,x0434",Z195739680,Z195739680,False,False,https://covid.postera.ai/covid/submissions/61e7b1d5-2ab4-4457-a491-fed9e2732501
CCCNC(=O)CCOc1ccc(C)cc1,MAK-UNK-5e8-1,"x0195,x0387",Z33029230,False,False,False,https://covid.postera.ai/covid/submissions/5e88aa6a-4e4d-409f-895e-3c1002d39e8f
Cc1ccc(-c2ccsc2)cn1,MAK-UNK-5e8-14,"x0195,x0387",s_271570____9007614____11652296,False,False,False,https://covid.postera.ai/covid/submissions/5e88aa6a-4e4d-409f-895e-3c1002d39e8f
O=CCc1c[nH]c2ccc(O)cc12,JOH-MEM-5e3-7,x0104,False,False,BBV-39783392,False,https://covid.postera.ai/covid/submissions/5e386bbd-fbf6-43ab-bc71-df1ae98eb776
O=C(Oc1cncc(Cl)c1)c1ccco1,OLE-CAR-5b1-1,"x0072,x0689,x0691",False,False,FCH1687323,True,https://covid.postera.ai/covid/submissions/5b17bec5-07c8-4e2a-8500-2602d4ade9c4
CCN(CC)c1ccc(S(N)(=O)=O)cc1,LIZ-THE-57c-1,x0161,False,False,EN300-1991150,False,https://covid.postera.ai/covid/submissions/57c545eb-8151-4113-9075-f468fa1a7fae
CC1COCCN1c1ccc(C#N)nc1,JOH-UNI-522-1,"x0434,x1077",Z1348340774,False,False,False,https://covid.postera.ai/covid/submissions/522b0723-65d1-4ad3-8236-b5b91e22e3c0
CC1OCCN(c2ccc(C#N)nc2)C1C,JOH-UNI-522-2,"x0434,x1077",Z1439420781,False,False,False,https://covid.postera.ai/covid/submissions/522b0723-65d1-4ad3-8236-b5b91e22e3c0
CC1CNCCN1c1ccc(C#N)nc1,JOH-UNI-522-3,"x0434,x1077",Z2368273090,False,False,False,https://covid.postera.ai/covid/submissions/522b0723-65d1-4ad3-8236-b5b91e22e3c0
CC1CN(C)CCN1c1ccc(C#N)nc1,JOH-UNI-522-4,"x0434,x1077",Z1798321811,False,False,False,https://covid.postera.ai/covid/submissions/522b0723-65d1-4ad3-8236-b5b91e22e3c0
Cc1ccccc1CNc1ccccc1NC(=O)C(O)c1cccnc1,BAR-COM-4e0-3,x0434,Z1644866655,False,False,False,https://covid.postera.ai/covid/submissions/4e090d3a-49b1-4b1e-b7f2-30bbdcddc86a
CC1CN(Cc2ccccc2NC(=O)NCc2cnsc2)CC(C)O1,BAR-COM-4e0-4,x0434,Z3405514183,False,False,False,https://covid.postera.ai/covid/submissions/4e090d3a-49b1-4b1e-b7f2-30bbdcddc86a
Nc1ncncc1CNC(=O)Nc1ccccc1OCCn1ccnc1,BAR-COM-4e0-5,x0434,Z1518784792,False,False,False,https://covid.postera.ai/covid/submissions/4e090d3a-49b1-4b1e-b7f2-30bbdcddc86a
CC(NC(=O)C(Cc1ccccc1)NC(=O)c1ccco1)c1ncco1,BAR-COM-4e0-7,x0434,s_22____13027898____59340,False,False,False,https://covid.postera.ai/covid/submissions/4e090d3a-49b1-4b1e-b7f2-30bbdcddc86a
Cc1cccc(-c2nnnn2C2CC2C)c1NC(=O)CCc1cccnc1,BAR-COM-4e0-8,x0434,Z3089609880,False,False,False,https://covid.postera.ai/covid/submissions/4e090d3a-49b1-4b1e-b7f2-30bbdcddc86a
Cc1noc(C)c1COc1ccccc1C(=O)NC(C)c1nnc2ncccn12,BAR-COM-4e0-9,x0434,Z1374382617,False,False,False,https://covid.postera.ai/covid/submissions/4e090d3a-49b1-4b1e-b7f2-30bbdcddc86a
O=C(NCCNc1cccnn1)c1ccccc1NS(=O)(=O)c1cc(F)ccc1F,BAR-COM-4e0-10,x0434,Z1232257154,False,False,False,https://covid.postera.ai/covid/submissions/4e090d3a-49b1-4b1e-b7f2-30bbdcddc86a
O=C(Cc1cncnc1)Nc1cccc(CCCc2ccccc2)c1,BAR-COM-4e0-11,x0434,Z2172190193,False,False,False,https://covid.postera.ai/covid/submissions/4e090d3a-49b1-4b1e-b7f2-30bbdcddc86a
Cc1ccccc1C(C(=O)NCC(O)Cn1ccnn1)c1ccccc1,BAR-COM-4e0-12,x0434,Z3052559442,False,False,False,https://covid.postera.ai/covid/submissions/4e090d3a-49b1-4b1e-b7f2-30bbdcddc86a
N#Cc1cnn(-c2ccccc2NC(=O)Cc2ccn[nH]2)c1N,BAR-COM-4e0-14,x0434,Z2143174968,False,False,False,https://covid.postera.ai/covid/submissions/4e090d3a-49b1-4b1e-b7f2-30bbdcddc86a
CCc1nnnn1-c1ccccc1NC(=O)C1(c2cncc(Br)c2)CC1,BAR-COM-4e0-16,x0434,Z1984028314,False,False,False,https://covid.postera.ai/covid/submissions/4e090d3a-49b1-4b1e-b7f2-30bbdcddc86a
CC1CC(C)CN(C(=O)c2ccccc2NC(=O)NCc2ccncn2)C1,BAR-COM-4e0-17,x0434,Z2311005603,False,False,False,https://covid.postera.ai/covid/submissions/4e090d3a-49b1-4b1e-b7f2-30bbdcddc86a
O=C(NC(Cc1ccccc1)C(=O)NCc1ccno1)OCc1ccccc1,BAR-COM-4e0-19,x0434,Z1613960994,False,False,False,https://covid.postera.ai/covid/submissions/4e090d3a-49b1-4b1e-b7f2-30bbdcddc86a
CC(C(=O)Nc1cccc(NC2CCCC2)c1)c1cnccn1,BAR-COM-4e0-20,x0434,Z2915108704,False,False,False,https://covid.postera.ai/covid/submissions/4e090d3a-49b1-4b1e-b7f2-30bbdcddc86a
NC(=O)C1Cc2ccccc2N(CC(=O)Nc2cnccn2)C1,BAR-COM-4e0-21,x0434,Z2599591955,False,False,False,https://covid.postera.ai/covid/submissions/4e090d3a-49b1-4b1e-b7f2-30bbdcddc86a
COc1cc(CNC(=O)Cc2ncc[nH]2)c2ccccc2n1,BAR-COM-4e0-22,x0434,Z2229098908,False,False,False,https://covid.postera.ai/covid/submissions/4e090d3a-49b1-4b1e-b7f2-30bbdcddc86a
O=C(NCc1cccnn1)Nc1cccc(-c2ncc3n2CCCC3)c1,BAR-COM-4e0-23,x0434,Z2190256476,False,False,False,https://covid.postera.ai/covid/submissions/4e090d3a-49b1-4b1e-b7f2-30bbdcddc86a
CN1CCN(C(=O)c2ccccc2NC(=O)C(O)c2cccnc2)CC1,BAR-COM-4e0-24,x0434,Z1549127951,False,False,False,https://covid.postera.ai/covid/submissions/4e090d3a-49b1-4b1e-b7f2-30bbdcddc86a
CC(NC(=O)c1ccccc1OC1CCCCC1)c1cnccn1,BAR-COM-4e0-26,x0434,Z3370973906,False,False,False,https://covid.postera.ai/covid/submissions/4e090d3a-49b1-4b1e-b7f2-30bbdcddc86a
CCC(NC(=O)NCc1cnccn1)c1ccccc1OCC(=O)N1CCCC1,BAR-COM-4e0-27,x0434,Z3140017128,False,False,False,https://covid.postera.ai/covid/submissions/4e090d3a-49b1-4b1e-b7f2-30bbdcddc86a
CC(NC(=O)NC(Cc1nccn1C)c1ccccc1)c1ncco1,BAR-COM-4e0-28,x0434,Z2860362360,False,False,False,https://covid.postera.ai/covid/submissions/4e090d3a-49b1-4b1e-b7f2-30bbdcddc86a
O=C(NCc1cccnn1)NC(Cc1ccccc1)c1cccs1,BAR-COM-4e0-29,x0434,Z1884524160,False,False,False,https://covid.postera.ai/covid/submissions/4e090d3a-49b1-4b1e-b7f2-30bbdcddc86a
CCC(NC(=O)C(C)n1cncn1)c1ccccc1OCC(=O)N1CCCC1,BAR-COM-4e0-31,x0434,Z1190447759,False,False,False,https://covid.postera.ai/covid/submissions/4e090d3a-49b1-4b1e-b7f2-30bbdcddc86a
O=C(NCC(O)Cn1ccnn1)c1ccccc1OC1CCC1,BAR-COM-4e0-34,x0434,Z2305221270,False,False,False,https://covid.postera.ai/covid/submissions/4e090d3a-49b1-4b1e-b7f2-30bbdcddc86a
O=C(Cc1cccnc1Br)Nc1cccc(OCCn2cncn2)c1,BAR-COM-4e0-35,x0434,Z1937966465,False,False,False,https://covid.postera.ai/covid/submissions/4e090d3a-49b1-4b1e-b7f2-30bbdcddc86a
COC(=O)C(Cc1ccccc1)C(C)NC(=O)C(C)n1ccnc1,BAR-COM-4e0-36,x0434,Z2079085604,False,False,False,https://covid.postera.ai/covid/submissions/4e090d3a-49b1-4b1e-b7f2-30bbdcddc86a
COc1ccccc1C(NC(=O)Cc1cnnn1C)c1noc(C)n1,BAR-COM-4e0-37,x0434,Z2629852456,False,False,False,https://covid.postera.ai/covid/submissions/4e090d3a-49b1-4b1e-b7f2-30bbdcddc86a
Cc1noc(CC(NC(=O)C(C)Cn2ccnc2)c2ccccc2)n1,BAR-COM-4e0-38,x0434,Z3353393504,False,False,False,https://covid.postera.ai/covid/submissions/4e090d3a-49b1-4b1e-b7f2-30bbdcddc86a
O=C(NCc1ccno1)c1ccccc1Oc1ccc(Cl)cc1Cl,BAR-COM-4e0-42,x0434,Z1673773262,False,False,False,https://covid.postera.ai/covid/submissions/4e090d3a-49b1-4b1e-b7f2-30bbdcddc86a
O=C(NCc1noc2ccccc12)c1ccccc1OCC1CC1,BAR-COM-4e0-43,x0434,Z1935637461,False,False,False,https://covid.postera.ai/covid/submissions/4e090d3a-49b1-4b1e-b7f2-30bbdcddc86a
CC1CC(C)CN(C(=O)c2ccccc2NC(=O)NCc2ccoc2)C1,BAR-COM-4e0-44,x0434,Z433322264,False,False,False,https://covid.postera.ai/covid/submissions/4e090d3a-49b1-4b1e-b7f2-30bbdcddc86a
O=C(CCn1ccnn1)NC(CN1CCOCC1)c1ccccc1,BAR-COM-4e0-45,x0434,Z296475158,False,False,False,https://covid.postera.ai/covid/submissions/4e090d3a-49b1-4b1e-b7f2-30bbdcddc86a
Cn1cc(CNC(=O)N(CCc2ccccc2)Cc2cccnc2)nn1,BAR-COM-4e0-47,x0434,Z1647177193,False,False,False,https://covid.postera.ai/covid/submissions/4e090d3a-49b1-4b1e-b7f2-30bbdcddc86a
Cc1ccc(Oc2cccc(NC(=O)NCc3cnnn3C)c2)c(C)c1,BAR-COM-4e0-48,x0434,s_2430____12549944____13759224,False,False,False,https://covid.postera.ai/covid/submissions/4e090d3a-49b1-4b1e-b7f2-30bbdcddc86a
N#CCOc1ccccc1C(=O)NCc1cnsc1,BAR-COM-4e0-49,x0434,s_22____14243878____1317850,False,False,False,https://covid.postera.ai/covid/submissions/4e090d3a-49b1-4b1e-b7f2-30bbdcddc86a
CCn1c(=O)n(CC(=O)NCc2cnccn2)c2ccccc21,BAR-COM-4e0-51,x0434,Z3092563476,False,False,False,https://covid.postera.ai/covid/submissions/4e090d3a-49b1-4b1e-b7f2-30bbdcddc86a
Cn1cncc1CNC(=O)Nc1cccc(OCC(F)F)n1,BAR-COM-4e0-52,x0434,Z2167681427,False,False,False,https://covid.postera.ai/covid/submissions/4e090d3a-49b1-4b1e-b7f2-30bbdcddc86a
CC(C(=O)Nc1cccc(OC2CC(=O)N2)c1)c1cnccn1,BAR-COM-4e0-53,x0434,Z2911721571,False,False,False,https://covid.postera.ai/covid/submissions/4e090d3a-49b1-4b1e-b7f2-30bbdcddc86a
O=C(NCc1cccnn1)Nc1cccc(OCCN2CCOCC2)c1,BAR-COM-4e0-54,x0434,Z3603964263,False,False,False,https://covid.postera.ai/covid/submissions/4e090d3a-49b1-4b1e-b7f2-30bbdcddc86a
CC(OCC1CCCCO1)C(=O)N(CCc1ccccc1)Cc1cccnc1,BAR-COM-4e0-55,x0434,Z890182422,False,False,False,https://covid.postera.ai/covid/submissions/4e090d3a-49b1-4b1e-b7f2-30bbdcddc86a
O=C(Nc1ccnnc1)NC(Cc1ccccc1)C(=O)N1CCCC1,BAR-COM-4e0-56,x0434,Z2313212158,False,False,False,https://covid.postera.ai/covid/submissions/4e090d3a-49b1-4b1e-b7f2-30bbdcddc86a
O=C(Nc1ccccc1NS(=O)(=O)c1ccc(F)cc1)C(O)c1cccnc1,BAR-COM-4e0-57,x0434,Z1549140381,False,False,False,https://covid.postera.ai/covid/submissions/4e090d3a-49b1-4b1e-b7f2-30bbdcddc86a
O=C(NCc1cccnn1)Nc1cccc(N2CCC2=O)c1,BAR-COM-4e0-60,x0434,Z1931403851,False,False,False,https://covid.postera.ai/covid/submissions/4e090d3a-49b1-4b1e-b7f2-30bbdcddc86a
O=C(NCc1ccns1)Nc1cccc(CN2CCCC2=O)c1,BAR-COM-4e0-61,x0434,Z2708549355,False,False,False,https://covid.postera.ai/covid/submissions/4e090d3a-49b1-4b1e-b7f2-30bbdcddc86a
CC(NC(=O)c1ccccc1OCC(N)=O)c1cnn(C)c1,BAR-COM-4e0-62,x0434,Z1260022281,False,False,False,https://covid.postera.ai/covid/submissions/4e090d3a-49b1-4b1e-b7f2-30bbdcddc86a
CC1CCCC(OCc2cccc(NC(=O)NC(C)c3ccn[nH]3)c2)C1,BAR-COM-4e0-63,x0434,Z1243953601,False,False,False,https://covid.postera.ai/covid/submissions/4e090d3a-49b1-4b1e-b7f2-30bbdcddc86a
CC(c1cccc(NC(=O)Cc2cnccc2Cl)c1)N1CCOCC1,BAR-COM-4e0-66,x0434,Z2330806997,False,False,False,https://covid.postera.ai/covid/submissions/4e090d3a-49b1-4b1e-b7f2-30bbdcddc86a
O=C(CCc1cncnc1)NC(CNC(=O)C1CC1)c1ccccc1,BAR-COM-4e0-67,x0434,m_275592____14114784____13186882____14132880,False,False,False,https://covid.postera.ai/covid/submissions/4e090d3a-49b1-4b1e-b7f2-30bbdcddc86a
O=C(NCc1cccnc1)Nc1cccc(OCC(F)F)n1,BAR-COM-4e0-69,x0434,Z1693576546,False,False,False,https://covid.postera.ai/covid/submissions/4e090d3a-49b1-4b1e-b7f2-30bbdcddc86a
CC(=O)N1CCN(S(=O)(=O)c2ccsc2)CC1,MAK-UNK-4c6-1,x0689,Z2068569549,False,False,True,https://covid.postera.ai/covid/submissions/4c6b313a-f1d4-4d04-9e2f-56a2b02a2d67
CNS(=O)(=O)Cc1ccc2[nH]cc(CCN(C)C)c2c1,ANT-OPE-47f-1,x0104,False,False,EN300-123008,False,https://covid.postera.ai/covid/submissions/47f3bb65-7976-4284-a05e-4e92d776c672
Cc1nnc(CN2CCCc3ccc(S(N)(=O)=O)cc32)s1,NAU-LAT-42d-4,"x0195,x0387,x0395",Z1583996239,False,False,False,https://covid.postera.ai/covid/submissions/42d4957e-f4b8-4aef-85bd-5cc0eab0b042
Cc1ccc(NC(=O)c2ccc(CN3CCN(C)CC3)cc2)cc1Nc1nccc(-c2cccnc2)n1,SER-UNI-400-2,"x0107,x0434,x0678,x0946,x0967",False,Z1546624232,EN300-123057,False,https://covid.postera.ai/covid/submissions/400afb01-8abe-4e0d-8c7d-9ee9d38685b4
OB(O)c1cc(OCc2ccccc2)ccc1F,SER-UNI-400-5,"x0107,x0434,x0678,x0946,x0967",False,False,EN300-7375076,False,https://covid.postera.ai/covid/submissions/400afb01-8abe-4e0d-8c7d-9ee9d38685b4
O=C(CC(=O)N1CCOCC1)NCc1ccccc1,GIA-UNK-3f3-6,x1380,False,False,BBV-113362185,True,https://covid.postera.ai/covid/submissions/3f36037a-6772-4880-ad17-d0702ce2ce44
O=C(CCl)NC(CO)c1cccc(Cl)c1,DAV-CRI-3ed-4,x1382,Z2596884371,False,False,True,https://covid.postera.ai/covid/submissions/3edb475e-2725-4140-a8e1-a1028cf9f370
N#Cc1ccccc1NC(=O)Cc1cccnc1,ANT-DIA-3c7-2,"x0072,x0305,x0387,x0434,x0678,x0830,x1249",Z1172500933,False,False,True,https://covid.postera.ai/covid/submissions/3c79be55-6044-4966-b3bd-3eca32e15db9
CS(=O)(=O)Cc1ccc(C(=O)Nc2cccnc2)o1,ANT-DIA-3c7-4,"x0072,x0305,x0387,x0434,x0678,x0830,x1249",Z995832158,False,False,True,https://covid.postera.ai/covid/submissions/3c79be55-6044-4966-b3bd-3eca32e15db9
CS(=O)(=O)NCC[C@H]1CCCCN1CC(=O)Nc1cccnc1,BEN-DND-362-10,"x0072,x0104,x0107,x0161,x0434,x0689,x0691",Z1116676416,False,False,True,https://covid.postera.ai/covid/submissions/362d364a-296c-4ee1-9e6e-088d8bfe0756
COc1ccc2[nH]cc(CCNC(C)=O)c2c1,JOH-MSK-35a-1,x0104,False,Z1191880499,EN300-6486827,False,https://covid.postera.ai/covid/submissions/35a8745a-b2df-4c16-8a78-0e75e2dc7f0b
O=C(C1CCN(c2ccncc2)CC1)N1CCOCC1,GIA-UNK-30c-2,x0540,s_22____57743____14868232,False,False,False,https://covid.postera.ai/covid/submissions/30c7cb75-83dc-4ac3-9877-3d0e50d1fa46
O=C(C1CCN(c2ccncc2)CC1)N1CCS(=O)(=O)CC1,GIA-UNK-30c-3,x0540,s_22____3014600____14868232,False,False,False,https://covid.postera.ai/covid/submissions/30c7cb75-83dc-4ac3-9877-3d0e50d1fa46
Cc1ccc(S(=O)(=O)N2CCC(NC(=O)N(C)Cc3cc(C)on3)CC2)cc1,SIM-SYN-309-1,"x0397,x0731",Z493705490,False,False,True,https://covid.postera.ai/covid/submissions/3099a863-35b0-4680-b57e-9cfd50b5f41a
Cc1ccc(S(=O)(=O)N2CCN(C(=O)N(C)Cc3cccnc3)CC2)cc1,SIM-SYN-309-3,"x0397,x0731",Z3373702327,False,False,True,https://covid.postera.ai/covid/submissions/3099a863-35b0-4680-b57e-9cfd50b5f41a
CC(=O)N1CCCc2cc(NCc3ccc(F)cc3Cl)ccc21,MIC-IOC-304-2,x0755,Z1462694936,False,False,True,https://covid.postera.ai/covid/submissions/304754b1-e4b0-4aa0-a890-1989d3156100
O=C(Nc1cccnc1)Nc1cccc(Cl)c1,JOR-UNI-2fc-7,"x0387,x0434,x0991",Z44592325,False,False,False,https://covid.postera.ai/covid/submissions/2fc98d0b-0368-411c-9879-6d22f4d4aef5
CN(C)C(=O)C[C@@H]1CN(C(=O)c2cnn3c2CCC3)c2ccc(Cl)cc21,RAI-NOV-2f6-1,x0434,Z2269442666,False,False,False,https://covid.postera.ai/covid/submissions/2f6a9876-b389-409e-9555-c562af0ad51b
NCc1cncc(C(=O)N2C[C@@H](c3ccccc3)[C@@H]3CCC[C@@H]32)c1,RAI-NOV-2f6-3,x0434,Z3105132851,False,False,False,https://covid.postera.ai/covid/submissions/2f6a9876-b389-409e-9555-c562af0ad51b
Cn1cc(C(=O)N2C[C@@H](c3ccccc3)[C@@H]3CCCC[C@H]32)cn1,RAI-NOV-2f6-4,x0434,Z1740628048,False,False,False,https://covid.postera.ai/covid/submissions/2f6a9876-b389-409e-9555-c562af0ad51b
NCCn1cc(C(=O)N2CC3(CCC3)c3cc(Br)ccc32)cn1,RAI-NOV-2f6-5,x0434,Z3517605071,False,False,False,https://covid.postera.ai/covid/submissions/2f6a9876-b389-409e-9555-c562af0ad51b
OC[C@@]1(F)CCN(c2nc(-c3cccnc3)nc3sc4c(c23)CCC4)C1,RAI-NOV-2f6-7,x0434,Z2017204796,False,False,False,https://covid.postera.ai/covid/submissions/2f6a9876-b389-409e-9555-c562af0ad51b
CC(=O)N1CCN(Cc2cc(O)cc(Cl)c2)CC1,KIM-UNI-2ee-1,x0770,Z2967471722,False,False,True,https://covid.postera.ai/covid/submissions/2ee5d8f9-ae88-4925-bf4c-63226949c28b
COc1cccc(CNC(=O)N2CCN(C(=O)N3CCCCC3)CC2)c1,LUI-IND-2c4-3,"x0072,x0104,x0107,x0161,x0195,x0305,x1077",Z402424598,False,False,False,https://covid.postera.ai/covid/submissions/2c46affe-719d-43fe-ac03-722bb8f41f87
CCn1cc(CNC(=O)c2cccnc2)cn1,MAK-UNK-2c1-1,x1093,Z275181224,Z275181224,False,False,https://covid.postera.ai/covid/submissions/2c1752f0-5e01-4b94-9423-31aa0fc8391c
CC(=O)C(C)c1cccnc1,MAK-UNK-2c1-2,x1093,False,False,BBV-41757183,False,https://covid.postera.ai/covid/submissions/2c1752f0-5e01-4b94-9423-31aa0fc8391c
Brc1cccnc1,MAK-UNK-2c1-3,x1093,False,Z1250132521,EN300-19110,False,https://covid.postera.ai/covid/submissions/2c1752f0-5e01-4b94-9423-31aa0fc8391c
CC(C)Nc1cccnc1,MAK-UNK-2c1-4,x1093,False,Z2574930241,EN300-56005,False,https://covid.postera.ai/covid/submissions/2c1752f0-5e01-4b94-9423-31aa0fc8391c
CCS(=O)(=O)Nc1ccccc1F,MAK-UNK-2c1-5,x1093,False,Z53825177,EN300-116204,False,https://covid.postera.ai/covid/submissions/2c1752f0-5e01-4b94-9423-31aa0fc8391c
CC(=O)N1CCN(C(=O)N2CCCOCC2)CC1,JOH-UNI-27a-19,"x1077,x1385",Z3371917508,False,False,True,https://covid.postera.ai/covid/submissions/27ac80fd-127e-4bcf-9b12-1036d47be118
O=C(CCl)N1CCN(Cc2ccc(Br)s2)CC1,JOH-UNI-27a-23,"x1077,x1385",Z1562119730,Z147647732,False,True,https://covid.postera.ai/covid/submissions/27ac80fd-127e-4bcf-9b12-1036d47be118
N#Cc1ccc(NC(=O)Nc2cccnc2)cc1,ANN-UNI-263-3,"x0104,x0305,x0434,x0678,x1093,x1249",Z195735586,Z195735586,False,False,https://covid.postera.ai/covid/submissions/26382800-fd5a-40dc-b707-fcd707cc4e4d
N#Cc1cccc(NC(=O)Nc2cccnc2)c1,ANN-UNI-263-4,"x0104,x0305,x0434,x0678,x1093,x1249",Z195739680,Z195739680,False,False,https://covid.postera.ai/covid/submissions/26382800-fd5a-40dc-b707-fcd707cc4e4d
N#Cc1cccc(CC(=O)Nc2cccnc2)c1,ANN-UNI-263-5,"x0104,x0305,x0434,x0678,x1093,x1249",Z1343543528,False,False,False,https://covid.postera.ai/covid/submissions/26382800-fd5a-40dc-b707-fcd707cc4e4d
COc1cccc(NC(=O)Nc2cccc(C#N)c2)c1,ANN-UNI-263-6,"x0104,x0305,x0434,x0678,x1093,x1249",Z641273092,False,False,False,https://covid.postera.ai/covid/submissions/26382800-fd5a-40dc-b707-fcd707cc4e4d
COc1ccc2[nH]cc(CCNC(C)=O)c2c1,ALE-ACE-261-1,x0104,False,Z1191880499,EN300-6486827,False,https://covid.postera.ai/covid/submissions/2610ee4d-10fa-4b71-833a-cd30551025b9
Cc1ccncc1NC(=O)N1CCN(C)CC1,SCO-VAN-260-3,"x0072,x0397",Z1531408828,False,False,False,https://covid.postera.ai/covid/submissions/260d9628-6478-4dca-b72a-4edbe2539967
CC(=O)N1CCN(S(=O)(=O)Cc2ccccc2)CC1,WIL-LEE-23e-1,"x0072,x0104,x0195,x0387,x0434,x0692,x0946,x1249",Z28904865,Z28904865,False,True,https://covid.postera.ai/covid/submissions/23e8b574-4e2c-42f0-9e3e-47924f667eb1
O=C(CN1CCNCC1)Nc1ccccc1,WIL-LEE-23e-6,"x0072,x0104,x0195,x0387,x0434,x0692,x0946,x1249",Z57821467,Z111870096,EN300-27102,True,https://covid.postera.ai/covid/submissions/23e8b574-4e2c-42f0-9e3e-47924f667eb1
CC(=O)N1CCN(c2cccc(NC(=O)N3CCOCC3)c2)CC1,WIL-LEE-23e-8,"x0072,x0104,x0195,x0387,x0434,x0692,x0946,x1249",Z1773379917,False,False,True,https://covid.postera.ai/covid/submissions/23e8b574-4e2c-42f0-9e3e-47924f667eb1
N#Cc1cccc(NC(=O)Cc2c[nH]c3ncccc23)c1,DAR-DIA-23a-1,"x0104,x0305,x0434,x0678,x0995,x1093,x1249",Z1400784309,False,False,False,https://covid.postera.ai/covid/submissions/23aa0b97-737d-4af2-8f79-3df4c37e1839
N#Cc1cccc(NC(=O)Cc2cccnc2)c1,DAR-DIA-23a-4,"x0104,x0305,x0434,x0678,x0995,x1093,x1249",Z1171321476,False,False,False,https://covid.postera.ai/covid/submissions/23aa0b97-737d-4af2-8f79-3df4c37e1839
N#Cc1cccc(NC(=O)Nc2cccnc2)c1,DAR-DIA-23a-5,"x0104,x0305,x0434,x0678,x0995,x1093,x1249",Z195739680,Z195739680,False,False,https://covid.postera.ai/covid/submissions/23aa0b97-737d-4af2-8f79-3df4c37e1839
O=C(Cc1c[nH]c2ncccc12)Nc1cccc(Cl)c1,DAR-DIA-23a-12,"x0104,x0305,x0434,x0678,x0995,x1093,x1249",Z1400781098,False,False,False,https://covid.postera.ai/covid/submissions/23aa0b97-737d-4af2-8f79-3df4c37e1839
O=C(Nc1cccnc1)Nc1cccc(Cl)c1,DAR-DIA-23a-14,"x0104,x0305,x0434,x0678,x0995,x1093,x1249",Z44592325,False,False,False,https://covid.postera.ai/covid/submissions/23aa0b97-737d-4af2-8f79-3df4c37e1839
N#Cc1cccc(NC(=O)Cc2cncc3ccccc23)c1,DAR-DIA-23a-19,"x0104,x0305,x0434,x0678,x0995,x1093,x1249",s_22____58016____11968302,False,False,False,https://covid.postera.ai/covid/submissions/23aa0b97-737d-4af2-8f79-3df4c37e1839
O=C(Cc1cncc2ccccc12)Nc1ccccc1,DAR-DIA-23a-20,"x0104,x0305,x0434,x0678,x0995,x1093,x1249",s_22____57709____11968302,False,False,False,https://covid.postera.ai/covid/submissions/23aa0b97-737d-4af2-8f79-3df4c37e1839
O=C(Cc1c[nH]c2ncccc12)NCc1cccc(Cl)c1,TRY-UNI-1fd-5,"x0104,x0161,x0195,x0305,x0387,x0678,x1382",Z1400783129,False,False,True,https://covid.postera.ai/covid/submissions/1fd04853-9f27-4213-ac58-a61396e282b0
N#Cc1cccc(CNC(=O)Cc2c[nH]c3ncccc23)c1,TRY-UNI-1fd-6,"x0104,x0161,x0195,x0305,x0387,x0678,x1382",Z1400838108,False,False,True,https://covid.postera.ai/covid/submissions/1fd04853-9f27-4213-ac58-a61396e282b0
O=C(Cc1c[nH]c2ncccc12)NCc1ccc(Cl)cc1,TRY-UNI-1fd-7,"x0104,x0161,x0195,x0305,x0387,x0678,x1382",Z1400780364,False,False,True,https://covid.postera.ai/covid/submissions/1fd04853-9f27-4213-ac58-a61396e282b0
N#Cc1ccc(CNC(=O)Cc2c[nH]c3ncccc23)cc1,TRY-UNI-1fd-8,"x0104,x0161,x0195,x0305,x0387,x0678,x1382",Z1400838206,False,False,True,https://covid.postera.ai/covid/submissions/1fd04853-9f27-4213-ac58-a61396e282b0
O=C(Cc1c[nH]c2ncccc12)NCc1cc(Cl)ccn1,TRY-UNI-1fd-9,"x0104,x0161,x0195,x0305,x0387,x0678,x1382",Z1575152133,False,False,True,https://covid.postera.ai/covid/submissions/1fd04853-9f27-4213-ac58-a61396e282b0
O=C(Cc1c[nH]c2ncccc12)NCc1ccc(Cl)cn1,TRY-UNI-1fd-11,"x0104,x0161,x0195,x0305,x0387,x0678,x1382",Z1593808911,False,False,True,https://covid.postera.ai/covid/submissions/1fd04853-9f27-4213-ac58-a61396e282b0
N#Cc1ccc(CNC(=O)Cc2c[nH]c3ncccc23)nc1,TRY-UNI-1fd-12,"x0104,x0161,x0195,x0305,x0387,x0678,x1382",Z1767447079,False,False,True,https://covid.postera.ai/covid/submissions/1fd04853-9f27-4213-ac58-a61396e282b0
CC(=O)N1CCN(CC(=O)Nc2cccc(S(N)(=O)=O)c2)CC1,JAN-GHE-1d9-7,"x0161,x0195,x0692,x1386",Z46181242,Z102844650,False,True,https://covid.postera.ai/covid/submissions/1d98ec1c-f0f4-41dc-8d8f-25e82596630d
COCc1ncc(NS(=O)(=O)c2ccc(C3(C#N)CC3)cc2)c(C)n1,VIJ-CYC-1a3-2,"x0072,x0161,x0995",s_232682____15750762____13577228,False,False,False,https://covid.postera.ai/covid/submissions/1a381570-5caa-4095-b2ba-625dc8939023
C=C1CC1C(=O)NC(C)c1ccc(S(=O)(=O)NC)cc1,VIJ-CYC-1a3-5,"x0072,x0161,x0995",Z2798213615,False,False,False,https://covid.postera.ai/covid/submissions/1a381570-5caa-4095-b2ba-625dc8939023
CNS(=O)(=O)c1ccc(C(C)NC(=O)NC(C)(C)C)cc1,VIJ-CYC-1a3-11,"x0072,x0161,x0995",Z1408037619,False,False,False,https://covid.postera.ai/covid/submissions/1a381570-5caa-4095-b2ba-625dc8939023
CC(C)[C@@H](C#N)NS(=O)(=O)c1ccc(CF)cc1,VIJ-CYC-1a3-12,"x0072,x0161,x0995",Z3294574183,False,False,False,https://covid.postera.ai/covid/submissions/1a381570-5caa-4095-b2ba-625dc8939023
CC(=O)Nc1cncc(N)c1,DAN-PUR-19f-1,"x0107,x0995,x1093",False,False,BBV-55255876,False,https://covid.postera.ai/covid/submissions/19f24f0c-2908-40cd-8b8b-79a692d1d490
COc1cc(NC(=O)C(=O)Nc2cc(OC)c(OC)c(OC)c2)cc(OC)c1OC,ANT-LOU-17a-2,"x0072,x0104,x0161,x0195,x0305,x1077",Z62468012,False,False,False,https://covid.postera.ai/covid/submissions/17aa1493-5ffe-4f29-8de7-f481e61af5eb
CC1=CCC(C(C)(C)O)CC1,SUN-DEP-149-1,"x0072,x0104,x0107",False,False,EN300-125883,False,https://covid.postera.ai/covid/submissions/1496052a-63fb-4688-8999-8bc4cc704b47
CC1=CCC(O)(C(C)C)CC1,SUN-DEP-149-2,"x0072,x0104,x0107",False,False,BBV-39696169,False,https://covid.postera.ai/covid/submissions/1496052a-63fb-4688-8999-8bc4cc704b47
Cc1cccc(NC2CCN(C(=O)CCl)CC2)c1,NIR-THE-0d6-1,"x0104,x0161,x0195,x0305,x0692,x0770,x0830,x1334",Z1562143860,False,False,True,https://covid.postera.ai/covid/submissions/0d6461ce-be68-405f-8843-aeed6f44a898
Cc1cc(O)cc(C)c1Cl,MAK-UNK-0cb-1,x0749,False,Z3953116415,EN300-39884,True,https://covid.postera.ai/covid/submissions/0cb6a3ad-ebb3-43bd-ba5b-a791cf93f41a
CC1CCC(C(C)C)C(O)C1,MAK-UNK-0cb-5,x0749,False,Z1255438640,EN300-92163,True,https://covid.postera.ai/covid/submissions/0cb6a3ad-ebb3-43bd-ba5b-a791cf93f41a
CC1CCC(C(C)C)C(=O)C1,MAK-UNK-0cb-7,x0749,False,Z56347247,EN300-383879,True,https://covid.postera.ai/covid/submissions/0cb6a3ad-ebb3-43bd-ba5b-a791cf93f41a
Cc1coc2c1CCC(C)C2,MAK-UNK-0cb-8,x0749,False,False,BBV-109263053,True,https://covid.postera.ai/covid/submissions/0cb6a3ad-ebb3-43bd-ba5b-a791cf93f41a
CC(C)=C1CCC(C)CC1=O,MAK-UNK-0cb-9,x0749,False,False,EN300-220670,True,https://covid.postera.ai/covid/submissions/0cb6a3ad-ebb3-43bd-ba5b-a791cf93f41a
C[C@H](NC(=O)[C@@H](C)c1ccc(F)c(F)c1)c1cccc(F)c1,JON-UIO-066-7,"x0689,x0769,x0831,x1382",Z1264100733,False,False,True,https://covid.postera.ai/covid/submissions/066ce08b-1104-439d-946f-d7c319de995c
Cc1ccccc1CN1CCN(C(=O)C(F)C(C)C)CC1,JON-UIO-066-9,"x0689,x0769,x0831,x1382",Z1786577487,False,False,True,https://covid.postera.ai/covid/submissions/066ce08b-1104-439d-946f-d7c319de995c
C[C@H](NC(=O)C(F)F)c1cccc(F)c1,JON-UIO-066-14,"x0689,x0769,x0831,x1382",Z32586657,False,False,True,https://covid.postera.ai/covid/submissions/066ce08b-1104-439d-946f-d7c319de995c
Cc1ccc(-c2cc(C(F)(F)F)nn2-c2ccc(S(N)(=O)=O)cc2)cc1,GER-UNI-05c-1,x0072,False,Z2210694606,EN300-119504,False,https://covid.postera.ai/covid/submissions/05c7e912-47b4-4bba-b5cb-89ea559116a1
O=C(NCCc1c[nH]c2ccc(F)cc12)NCC1CCCCC1,FRA-LAB-04e-1,"x0104,x0678",Z1221750007,False,False,False,https://covid.postera.ai/covid/submissions/04e32718-c1ec-41b2-bcb9-93c3bd486ecc
O=C(c1ccccc1O)N1CCCCC1,CLI-UNI-032-1,x1358,Z68103216,Z2239049194,EN300-05931,True,https://covid.postera.ai/covid/submissions/032f7715-9377-4ef6-8dca-c3d5548122aa
O=C(Nc1ccccc1)c1ccccc1O,CLI-UNI-032-2,x1358,False,Z68084595,EN300-18540,True,https://covid.postera.ai/covid/submissions/032f7715-9377-4ef6-8dca-c3d5548122aa
NC(=O)C1CCN(C(=O)c2ccccc2O)CC1,CLI-UNI-032-3,x1358,Z68284435,False,False,True,https://covid.postera.ai/covid/submissions/032f7715-9377-4ef6-8dca-c3d5548122aa
O=C(O)c1ccc(S(=O)(=O)N2CCCCC2)cc1,CLI-UNI-032-4,x1358,Z53035336,Z53033942,EN300-00394,True,https://covid.postera.ai/covid/submissions/032f7715-9377-4ef6-8dca-c3d5548122aa
