SMILES,CID,creator,rationale,fragments,link,real_space,SCR,BB,extended_real_space,in_molport_or_mcule,in_emolecules,covalent_frag,covalent_warhead,acrylamide,acrylamide_adduct,chloroacetamide,chloroacetamide_adduct,vinylsulfonamide,vinylsulfonamide_adduct,nitrile,nitrile_adduct,MW,cLogP,HBD,HBA,TPSA,num_criterion_violations,BMS,Dundee,Glaxo,Inpharmatica,LINT,MLSMR,PAINS,SureChEMBL,ORDERED,MADE
Cc1nnc(NC(=O)Nc2cccnc2)s1,ALE-HEI-f28-4,"Alexander Minges, Heinrich Heine University Düsseldorf","Fragments were chosen and merged based on visual inspection. Three-dimensional models were obtained and energy-minimised using RDkit and used for docking with smina (AutoDock vina-derived software, vinardo scoring function). See notes section for SMILE strings ranked by binding affinity according to docking.","x0107,x0395,x0434,x0678,x0967,x0991,x1093",https://covid.postera.ai/covid/submissions/ALE-HEI-f28,False,False,False,False,False,False,False,False,False,False,False,False,False,False,False,False,235.27200000000002,1.88552,2,5,79.8,0,PASS,PASS,PASS,PASS,PASS,PASS,PASS,PASS,True,True
Cc1nnc(CC(=O)Nc2cccnc2)s1,ALE-HEI-f28-5,"Alexander Minges, Heinrich Heine University Düsseldorf","Fragments were chosen and merged based on visual inspection. Three-dimensional models were obtained and energy-minimised using RDkit and used for docking with smina (AutoDock vina-derived software, vinardo scoring function). See notes section for SMILE strings ranked by binding affinity according to docking.","x0107,x0395,x0434,x0678,x0967,x0991,x1093",https://covid.postera.ai/covid/submissions/ALE-HEI-f28,False,False,False,False,False,False,False,False,False,False,False,False,False,False,False,False,234.28400000000002,1.42272,1,5,67.77000000000001,0,PASS,PASS,PASS,PASS,PASS,PASS,PASS,PASS,True,True
Cc1cccc(C)c1OCC(=O)NCCc1ccccc1,ALE-UNK-fca-3,Alexander Metz,"Lopinavir/ritonavir and similar substructures from catalog.

The combination lopinavir/ritonavir is currently tested against COVID-19, but ""no benefit was observed with lopinavir–ritonavir treatment beyond standard care"". (doi: 10.1056/NEJMoa2001282)

Reportedly, lopinavir has only mid-micromolar activity against SARS protease, ritonavir above 50 microM. (doi: 10.12688/f1000research.22457.1; doi: 10.1073/pnas.0403596101)

However, there is no crystal structure of the 2019-nCoV main protease with either of these two drugs that could clarify their potential for optimization against this target. Thus, I suggest lopinavir, ritonavir, and reasonably similar substructures available from catalog for soaking.

Procedure in KNIME:

1) search all substructures of lopinavir and ritonavir in MolPort
2) remove all redundant compounds and compounds with similarity < 0.5 (datawarrior SkelPheres) to either of the queries
3) remove all compounds void of a ring or containing amides (as substructures of amides)

Selection not based on or compared to fragment hits; x0072 selected as dummy.",x0072,https://covid.postera.ai/covid/submissions/ALE-UNK-fca,Z26348840,False,False,False,False,False,False,False,False,False,False,False,False,False,False,False,283.371,3.0411400000000013,1,2,38.33,0,PASS,PASS,PASS,PASS,PASS,PASS,PASS,PASS,True,True
O=C(COc1ccccc1)NCCc1ccccc1,ALE-UNK-fca-4,Alexander Metz,"Lopinavir/ritonavir and similar substructures from catalog.

The combination lopinavir/ritonavir is currently tested against COVID-19, but ""no benefit was observed with lopinavir–ritonavir treatment beyond standard care"". (doi: 10.1056/NEJMoa2001282)

Reportedly, lopinavir has only mid-micromolar activity against SARS protease, ritonavir above 50 microM. (doi: 10.12688/f1000research.22457.1; doi: 10.1073/pnas.0403596101)

However, there is no crystal structure of the 2019-nCoV main protease with either of these two drugs that could clarify their potential for optimization against this target. Thus, I suggest lopinavir, ritonavir, and reasonably similar substructures available from catalog for soaking.

Procedure in KNIME:

1) search all substructures of lopinavir and ritonavir in MolPort
2) remove all redundant compounds and compounds with similarity < 0.5 (datawarrior SkelPheres) to either of the queries
3) remove all compounds void of a ring or containing amides (as substructures of amides)

Selection not based on or compared to fragment hits; x0072 selected as dummy.",x0072,https://covid.postera.ai/covid/submissions/ALE-UNK-fca,Z19735885,False,False,False,False,False,False,False,False,False,False,False,False,False,False,False,255.317,2.424300000000001,1,2,38.33,0,PASS,PASS,PASS,PASS,PASS,PASS,PASS,PASS,True,True
N#Cc1cccc(CC(=O)Nc2cccnc2)c1,ANN-UNI-263-5,"Anna Cederbalk, University of Oxford, ODDI","The binding modes of fragments 0104, 0305 and 1249 overlap (cluster 1) and the binding modes of fragments 0434, 0678 and 1093 overlap (cluster 2).

As there was some structural overlap when superimposing the two clusters, hybrid analogues where designed. Furthermore, the CN of 0305 was replaced by bioisosteres.   

The design ideas shown had acceptable docking scores.","x0104,x0305,x0434,x0678,x1093,x1249",https://covid.postera.ai/covid/submissions/ANN-UNI-263,Z1343543528,False,False,s_22____57778____6586228,False,False,False,True,False,False,False,False,False,False,True,False,237.26200000000003,2.13448,1,3,65.78,0,PASS,PASS,PASS,PASS,PASS,PASS,PASS,PASS,True,True
COc1cccc(NC(=O)Nc2cccc(C#N)c2)c1,ANN-UNI-263-6,"Anna Cederbalk, University of Oxford, ODDI","The binding modes of fragments 0104, 0305 and 1249 overlap (cluster 1) and the binding modes of fragments 0434, 0678 and 1093 overlap (cluster 2).

As there was some structural overlap when superimposing the two clusters, hybrid analogues where designed. Furthermore, the CN of 0305 was replaced by bioisosteres.   

The design ideas shown had acceptable docking scores.","x0104,x0305,x0434,x0678,x1093,x1249",https://covid.postera.ai/covid/submissions/ANN-UNI-263,Z641273092,False,False,s_2430____737350____4862812,False,False,False,True,False,False,False,False,False,False,True,False,267.288,3.2108800000000004,2,3,74.15,0,PASS,PASS,PASS,PASS,PASS,PASS,PASS,PASS,True,True
CS(=O)(=O)NCCc1cccc(O)c1,ANT-DIA-b7f-2,"Anthony Aimon, Diamond Light Source","work on non covalent fragments around cysteine 145. Idea is to interact with glutamine 189, met 165 and maybe go a bit deeper in the pocket.","x0072,x0305,x0387",https://covid.postera.ai/covid/submissions/ANT-DIA-b7f,False,False,False,False,False,False,False,False,False,False,False,False,False,False,False,False,215.27400000000003,0.4838999999999998,2,3,66.4,0,PASS,PASS,PASS,PASS,PASS,Hetero_hetero,PASS,PASS,True,True
O=C(Cc1cncnc1)Nc1cccc(CCCc2ccccc2)c1,BAR-COM-4e0-11,"Bart Lenselink, compchemist","Virtual screen on enamine REAL:
https://docs.google.com/document/d/1IZIsCPIoNvEXNFxqCvPKpFO3_Xu_xxR5BqfIj_jTWBE
Poses/data can be found in the drive folder.",x0434,https://covid.postera.ai/covid/submissions/BAR-COM-4e0,Z2172190193,False,False,s_22____2786802____13540170,False,False,False,False,False,False,False,False,False,False,False,False,331.4190000000001,3.8331000000000026,1,3,54.88,0,PASS,PASS,PASS,PASS,PASS,PASS,PASS,PASS,True,True
O=C(Cc1cccnc1Cl)Nc1cccc(OCCc2ccccc2)c1,BAR-COM-4e0-15,"Bart Lenselink, compchemist","Virtual screen on enamine REAL:
https://docs.google.com/document/d/1IZIsCPIoNvEXNFxqCvPKpFO3_Xu_xxR5BqfIj_jTWBE
Poses/data can be found in the drive folder.",x0434,https://covid.postera.ai/covid/submissions/BAR-COM-4e0,False,False,False,s_22____9823632____11757948,False,False,False,False,False,False,False,False,False,False,False,False,366.8480000000001,4.537700000000003,1,3,51.22,0,PASS,2-halo pyridine,PASS,Filter94_2_halo_pyridine,2-chloropyridine,2-halopyridine,PASS,"halo-pyridine,_-diazoles_and_-triazoles",True,True
Nc1nnnn1-c1cccc(C(=O)Nc2c(-c3cccnc3)nc3ccccn23)c1,BAR-COM-4e0-2,"Bart Lenselink, compchemist","Virtual screen on enamine REAL:
https://docs.google.com/document/d/1IZIsCPIoNvEXNFxqCvPKpFO3_Xu_xxR5BqfIj_jTWBE
Poses/data can be found in the drive folder.",x0434,https://covid.postera.ai/covid/submissions/BAR-COM-4e0,False,False,False,s_22____11757990____12103072,False,False,False,False,False,False,False,False,False,False,False,False,397.402,2.2064999999999992,2,9,128.91,0,PASS,PASS,PASS,PASS,aniline,PASS,PASS,PASS,True,True
CC(C(=O)Nc1cccc(NC2CCCC2)c1)c1cnccn1,BAR-COM-4e0-20,"Bart Lenselink, compchemist","Virtual screen on enamine REAL:
https://docs.google.com/document/d/1IZIsCPIoNvEXNFxqCvPKpFO3_Xu_xxR5BqfIj_jTWBE
Poses/data can be found in the drive folder.",x0434,https://covid.postera.ai/covid/submissions/BAR-COM-4e0,Z2915108704,False,False,s_22____12167906____12335920,False,False,False,False,False,False,False,False,False,False,False,False,310.4009999999999,3.5733000000000024,2,4,66.91,0,PASS,PASS,PASS,PASS,PASS,PASS,PASS,PASS,True,True
NC(=O)C1Cc2ccccc2N(CC(=O)Nc2cnccn2)C1,BAR-COM-4e0-21,"Bart Lenselink, compchemist","Virtual screen on enamine REAL:
https://docs.google.com/document/d/1IZIsCPIoNvEXNFxqCvPKpFO3_Xu_xxR5BqfIj_jTWBE
Poses/data can be found in the drive folder.",x0434,https://covid.postera.ai/covid/submissions/BAR-COM-4e0,Z2599591955,False,False,s_2230____7462436____11618524,False,False,False,False,False,False,False,False,False,False,False,False,311.345,0.5792999999999993,2,5,101.21,0,PASS,PASS,PASS,PASS,PASS,PASS,PASS,PASS,True,True
Cc1ccccc1CNc1ccccc1NC(=O)C(O)c1cccnc1,BAR-COM-4e0-3,"Bart Lenselink, compchemist","Virtual screen on enamine REAL:
https://docs.google.com/document/d/1IZIsCPIoNvEXNFxqCvPKpFO3_Xu_xxR5BqfIj_jTWBE
Poses/data can be found in the drive folder.",x0434,https://covid.postera.ai/covid/submissions/BAR-COM-4e0,Z1644866655,False,False,s_22____8363398____10157642,False,False,False,False,False,False,False,False,False,False,False,False,347.41800000000006,3.674220000000002,3,4,74.25,0,PASS,PASS,PASS,PASS,PASS,PASS,PASS,PASS,True,True
CCC(NC(=O)C(C)n1cncn1)c1ccccc1OCC(=O)N1CCCC1,BAR-COM-4e0-31,"Bart Lenselink, compchemist","Virtual screen on enamine REAL:
https://docs.google.com/document/d/1IZIsCPIoNvEXNFxqCvPKpFO3_Xu_xxR5BqfIj_jTWBE
Poses/data can be found in the drive folder.",x0434,https://covid.postera.ai/covid/submissions/BAR-COM-4e0,Z1190447759,False,False,s_22____1002572____7966718,False,False,False,False,False,False,False,False,False,False,False,False,385.46800000000036,2.1078,1,6,89.35000000000002,0,PASS,PASS,PASS,PASS,PASS,Long aliphatic chain,PASS,PASS,True,True
O=C(NCC(O)Cn1ccnn1)c1ccccc1OC1CCC1,BAR-COM-4e0-34,"Bart Lenselink, compchemist","Virtual screen on enamine REAL:
https://docs.google.com/document/d/1IZIsCPIoNvEXNFxqCvPKpFO3_Xu_xxR5BqfIj_jTWBE
Poses/data can be found in the drive folder.",x0434,https://covid.postera.ai/covid/submissions/BAR-COM-4e0,Z2305221270,False,False,False,False,False,False,False,False,False,False,False,False,False,False,False,316.3610000000002,1.0002999999999989,2,6,89.27000000000002,0,PASS,PASS,PASS,PASS,PASS,PASS,PASS,PASS,True,True
O=C(Cc1cncnc1)Nc1cccc(OC2CC(=O)N2)c1,BAR-COM-4e0-39,"Bart Lenselink, compchemist","Virtual screen on enamine REAL:
https://docs.google.com/document/d/1IZIsCPIoNvEXNFxqCvPKpFO3_Xu_xxR5BqfIj_jTWBE
Poses/data can be found in the drive folder.",x0434,https://covid.postera.ai/covid/submissions/BAR-COM-4e0,False,False,False,s_22____10971742____13540170,False,False,False,False,False,False,False,False,False,False,False,False,298.302,0.8825999999999998,2,5,93.21,0,betalactam,PASS,PASS,PASS,PASS,b-lactam,PASS,PASS,True,True
CC1CN(Cc2ccccc2NC(=O)NCc2cnsc2)CC(C)O1,BAR-COM-4e0-4,"Bart Lenselink, compchemist","Virtual screen on enamine REAL:
https://docs.google.com/document/d/1IZIsCPIoNvEXNFxqCvPKpFO3_Xu_xxR5BqfIj_jTWBE
Poses/data can be found in the drive folder.",x0434,https://covid.postera.ai/covid/submissions/BAR-COM-4e0,Z3405514183,False,False,s_2430____886028____14482284,False,False,False,False,False,False,False,False,False,False,False,False,360.48300000000006,3.0740000000000016,2,5,66.49000000000001,0,PASS,PASS,PASS,PASS,PASS,PASS,PASS,PASS,True,True
O=C(NCc1noc2ccccc12)c1ccccc1OCC1CC1,BAR-COM-4e0-43,"Bart Lenselink, compchemist","Virtual screen on enamine REAL:
https://docs.google.com/document/d/1IZIsCPIoNvEXNFxqCvPKpFO3_Xu_xxR5BqfIj_jTWBE
Poses/data can be found in the drive folder.",x0434,https://covid.postera.ai/covid/submissions/BAR-COM-4e0,Z1935637461,False,False,s_22____13040748____2561500,False,False,False,False,False,False,False,False,False,False,False,False,322.3640000000001,3.5466000000000024,1,4,64.36,0,PASS,PASS,PASS,PASS,PASS,PASS,PASS,PASS,True,True
O=C(CCn1ccnn1)NC(CN1CCOCC1)c1ccccc1,BAR-COM-4e0-45,"Bart Lenselink, compchemist","Virtual screen on enamine REAL:
https://docs.google.com/document/d/1IZIsCPIoNvEXNFxqCvPKpFO3_Xu_xxR5BqfIj_jTWBE
Poses/data can be found in the drive folder.",x0434,https://covid.postera.ai/covid/submissions/BAR-COM-4e0,Z296475158,False,False,s_22____136045____9193924,False,False,False,False,False,False,False,False,False,False,False,False,329.404,0.8579000000000008,1,6,72.28,0,PASS,PASS,PASS,PASS,PASS,Long aliphatic chain,PASS,PASS,True,True
N#CCOc1ccccc1C(=O)NCc1cnsc1,BAR-COM-4e0-49,"Bart Lenselink, compchemist","Virtual screen on enamine REAL:
https://docs.google.com/document/d/1IZIsCPIoNvEXNFxqCvPKpFO3_Xu_xxR5BqfIj_jTWBE
Poses/data can be found in the drive folder.",x0434,https://covid.postera.ai/covid/submissions/BAR-COM-4e0,s_22____14243878____1317850,False,False,s_22____14243878____1317850,False,False,False,True,False,False,False,False,False,False,True,False,273.31699999999995,1.97548,1,5,75.00999999999998,0,PASS,PASS,PASS,PASS,PASS,PASS,PASS,PASS,True,True
CCn1c(=O)n(CC(=O)NCc2cnccn2)c2ccccc21,BAR-COM-4e0-51,"Bart Lenselink, compchemist","Virtual screen on enamine REAL:
https://docs.google.com/document/d/1IZIsCPIoNvEXNFxqCvPKpFO3_Xu_xxR5BqfIj_jTWBE
Poses/data can be found in the drive folder.",x0434,https://covid.postera.ai/covid/submissions/BAR-COM-4e0,Z3092563476,False,False,False,False,False,False,False,False,False,False,False,False,False,False,False,311.345,0.9293,1,6,81.81,0,PASS,PASS,PASS,PASS,PASS,PASS,PASS,PASS,True,True
O=C(NCc1cccnn1)Nc1cccc(OCCN2CCOCC2)c1,BAR-COM-4e0-54,"Bart Lenselink, compchemist","Virtual screen on enamine REAL:
https://docs.google.com/document/d/1IZIsCPIoNvEXNFxqCvPKpFO3_Xu_xxR5BqfIj_jTWBE
Poses/data can be found in the drive folder.",x0434,https://covid.postera.ai/covid/submissions/BAR-COM-4e0,Z3603964263,False,False,False,False,False,False,False,False,False,False,False,False,False,False,False,357.41400000000016,1.5093,2,6,88.61,0,PASS,PASS,PASS,PASS,PASS,PASS,PASS,PASS,True,True
O=C(NCc1cncs1)Nc1cccc(N2CCOCC2)c1,BAR-COM-4e0-58,"Bart Lenselink, compchemist","Virtual screen on enamine REAL:
https://docs.google.com/document/d/1IZIsCPIoNvEXNFxqCvPKpFO3_Xu_xxR5BqfIj_jTWBE
Poses/data can be found in the drive folder.",x0434,https://covid.postera.ai/covid/submissions/BAR-COM-4e0,False,False,False,False,False,False,False,False,False,False,False,False,False,False,False,False,318.4020000000002,2.3014,2,5,66.49000000000001,0,PASS,PASS,PASS,PASS,PASS,PASS,PASS,PASS,True,True
O=C(NCc1cccnn1)Nc1cccc(N2CCC2=O)c1,BAR-COM-4e0-60,"Bart Lenselink, compchemist","Virtual screen on enamine REAL:
https://docs.google.com/document/d/1IZIsCPIoNvEXNFxqCvPKpFO3_Xu_xxR5BqfIj_jTWBE
Poses/data can be found in the drive folder.",x0434,https://covid.postera.ai/covid/submissions/BAR-COM-4e0,Z1931403851,False,False,False,False,False,False,False,False,False,False,False,False,False,False,False,297.3180000000001,1.535,2,4,87.22,0,betalactam,PASS,PASS,PASS,PASS,b-lactam,PASS,PASS,True,True
O=C(NCc1ccns1)Nc1cccc(CN2CCCC2=O)c1,BAR-COM-4e0-61,"Bart Lenselink, compchemist","Virtual screen on enamine REAL:
https://docs.google.com/document/d/1IZIsCPIoNvEXNFxqCvPKpFO3_Xu_xxR5BqfIj_jTWBE
Poses/data can be found in the drive folder.",x0434,https://covid.postera.ai/covid/submissions/BAR-COM-4e0,Z2708549355,False,False,s_2430____740302____12211178,False,False,False,False,False,False,False,False,False,False,False,False,330.4130000000002,2.587200000000001,2,4,74.33000000000001,0,PASS,PASS,PASS,PASS,PASS,PASS,PASS,PASS,True,True
CC(NC(=O)c1ccccc1OCC(N)=O)c1cnn(C)c1,BAR-COM-4e0-62,"Bart Lenselink, compchemist","Virtual screen on enamine REAL:
https://docs.google.com/document/d/1IZIsCPIoNvEXNFxqCvPKpFO3_Xu_xxR5BqfIj_jTWBE
Poses/data can be found in the drive folder.",x0434,https://covid.postera.ai/covid/submissions/BAR-COM-4e0,Z1260022281,False,False,s_22____5581348____147208,False,False,False,False,False,False,False,False,False,False,False,False,302.33399999999995,0.7751999999999998,2,5,99.23999999999998,0,PASS,PASS,PASS,PASS,PASS,PASS,PASS,PASS,True,True
O=C(NCc1cnccn1)c1sc2cccc(F)c2c1COc1ccccc1,BAR-COM-4e0-64,"Bart Lenselink, compchemist","Virtual screen on enamine REAL:
https://docs.google.com/document/d/1IZIsCPIoNvEXNFxqCvPKpFO3_Xu_xxR5BqfIj_jTWBE
Poses/data can be found in the drive folder.",x0434,https://covid.postera.ai/covid/submissions/BAR-COM-4e0,False,False,False,s_22____13947266____238640,False,False,False,False,False,False,False,False,False,False,False,False,393.44300000000015,4.339400000000003,1,5,64.11,0,PASS,PASS,PASS,PASS,PASS,PASS,PASS,PASS,True,True
CC(c1cccc(NC(=O)Cc2cnccc2Cl)c1)N1CCOCC1,BAR-COM-4e0-66,"Bart Lenselink, compchemist","Virtual screen on enamine REAL:
https://docs.google.com/document/d/1IZIsCPIoNvEXNFxqCvPKpFO3_Xu_xxR5BqfIj_jTWBE
Poses/data can be found in the drive folder.",x0434,https://covid.postera.ai/covid/submissions/BAR-COM-4e0,Z2330806997,False,False,s_22____3391614____10207862,False,False,False,False,False,False,False,False,False,False,False,False,359.85700000000014,3.309400000000002,1,4,54.46000000000001,0,PASS,PASS,PASS,PASS,PASS,4-halopyridine,PASS,PASS,True,True
O=C(NCc1cccnc1)Nc1cccc(OCC(F)F)n1,BAR-COM-4e0-69,"Bart Lenselink, compchemist","Virtual screen on enamine REAL:
https://docs.google.com/document/d/1IZIsCPIoNvEXNFxqCvPKpFO3_Xu_xxR5BqfIj_jTWBE
Poses/data can be found in the drive folder.",x0434,https://covid.postera.ai/covid/submissions/BAR-COM-4e0,Z1693576546,False,False,s_2430____8802996____740874,False,False,False,False,False,False,False,False,False,False,False,False,308.2879999999999,2.4422000000000006,2,4,76.14,0,PASS,PASS,PASS,PASS,PASS,PASS,PASS,Beta-Fluoro-ethyl-ON,True,True
Cc1noc(C)c1COc1ccccc1C(=O)NC(C)c1nnc2ncccn12,BAR-COM-4e0-9,"Bart Lenselink, compchemist","Virtual screen on enamine REAL:
https://docs.google.com/document/d/1IZIsCPIoNvEXNFxqCvPKpFO3_Xu_xxR5BqfIj_jTWBE
Poses/data can be found in the drive folder.",x0434,https://covid.postera.ai/covid/submissions/BAR-COM-4e0,Z1374382617,False,False,s_22____6824750____505542,False,False,False,False,False,False,False,False,False,False,False,False,392.41900000000015,2.7991400000000013,1,8,107.44,0,PASS,PASS,PASS,PASS,PASS,PASS,PASS,PASS,True,True
N#Cc1cncc(CC(=O)Nc2cccnc2)c1,DAR-DIA-23a-17,"Daren Fearon, Diamond Light Source Ltd",Introduction of aromatic ring with nitrile/chloro substituent at one end of molecule following overlay of x0305/x1249/104 with x0434/x0678/x1093/x0995.,"x0104,x0305,x0434,x0678,x0995,x1093,x1249",https://covid.postera.ai/covid/submissions/DAR-DIA-23a,False,False,False,False,False,False,False,True,False,False,False,False,False,False,True,False,238.25000000000003,1.5294799999999995,1,4,78.67,0,PASS,PASS,PASS,PASS,PASS,PASS,PASS,PASS,True,True
N#Cc1cccc(NC(=O)Cc2cncc3ccccc23)c1,DAR-DIA-23a-19,"Daren Fearon, Diamond Light Source Ltd",Introduction of aromatic ring with nitrile/chloro substituent at one end of molecule following overlay of x0305/x1249/104 with x0434/x0678/x1093/x0995.,"x0104,x0305,x0434,x0678,x0995,x1093,x1249",https://covid.postera.ai/covid/submissions/DAR-DIA-23a,s_22____58016____11968302,False,False,s_22____58016____11968302,False,False,False,True,False,False,False,False,False,False,True,False,287.322,3.2876800000000017,1,3,65.78,0,PASS,PASS,PASS,PASS,PASS,PASS,PASS,PASS,True,True
O=C(Cc1cncc2ccccc12)Nc1ccccc1,DAR-DIA-23a-20,"Daren Fearon, Diamond Light Source Ltd",Introduction of aromatic ring with nitrile/chloro substituent at one end of molecule following overlay of x0305/x1249/104 with x0434/x0678/x1093/x0995.,"x0104,x0305,x0434,x0678,x0995,x1093,x1249",https://covid.postera.ai/covid/submissions/DAR-DIA-23a,s_22____57709____11968302,False,False,s_22____57709____11968302,False,False,False,False,False,False,False,False,False,False,False,False,262.312,3.4160000000000013,1,2,41.99,0,PASS,PASS,PASS,PASS,PASS,PASS,PASS,PASS,True,True
Cc1ccc(NC(=O)Nc2cccnc2)s1,DAR-DIA-842-3,"Daren Fearon, Diamond Light Source Ltd",Substitution of ring systems of x0434/x0678/x1093 based on other hits,"x0434,x0678,x1093",https://covid.postera.ai/covid/submissions/DAR-DIA-842,Z1286870272,False,False,False,False,False,False,False,False,False,False,False,False,False,False,False,233.29600000000005,3.0955200000000005,2,3,54.02,0,PASS,PASS,PASS,PASS,PASS,PASS,PASS,PASS,True,True
O=C(Nc1cccnc1)Nc1ccc(Cl)s1,DAR-DIA-842-4,"Daren Fearon, Diamond Light Source Ltd",Substitution of ring systems of x0434/x0678/x1093 based on other hits,"x0434,x0678,x1093",https://covid.postera.ai/covid/submissions/DAR-DIA-842,False,False,False,False,False,False,False,False,False,False,False,False,False,False,False,False,253.71400000000003,3.440500000000001,2,3,54.02,0,PASS,PASS,PASS,PASS,PASS,PASS,PASS,PASS,True,True
Cc1coc(NC(=O)Nc2cccnc2)n1,DAR-DIA-842-7,"Daren Fearon, Diamond Light Source Ltd",Substitution of ring systems of x0434/x0678/x1093 based on other hits,"x0434,x0678,x1093",https://covid.postera.ai/covid/submissions/DAR-DIA-842,False,False,False,False,False,False,False,False,False,False,False,False,False,False,False,False,218.21600000000004,2.0220199999999995,2,4,80.05,0,PASS,PASS,PASS,PASS,PASS,PASS,PASS,PASS,True,True
Cc1ccncc1NC(=O)Cc1ccc(S(N)(=O)=O)cc1,GAB-REV-70c-20,"Gabriel Grand, Reverie Labs, Inc.","Top 23 results hand-selected from a virtual fragment expansion, docking, and screening exercise. First, a set of 2.1K existing viral protease inhibitors from ChEMBL was analyzed to extract a library of 9.4K common design motifs. Reverie’s in-house fragment expansion engine was used to combinatorially place these fragments on the acetamide methyl position of fragment X0107 via a variety of simple, synthetically-accessible linkers. Results were filtered extensively for toxicity and reactivity using an in-house library of SMARTS patterns, and an RDKit cLogP cutoff of 5.0 was applied. The remaining 8.4K compounds were docked via multiple docking methods and pose-constrained to match the orientation of the crystal-bound X0107 fragment. An ensemble of scoring functions was used to select a set of 886 compounds with high predicted affinity.

These compounds were manually triaged by individuals on the Reverie chemistry team to select the final set of compounds for submission. The final set includes compounds that make favorable hydrophobic interactions with His41, Met49, and Thr25, as well as some that make buried hydrogen bonds with the Thr25 sidechain and the Cys44 backbone carbonyl.",x0107,https://covid.postera.ai/covid/submissions/GAB-REV-70c,Z1135790839,False,False,s_22____3391102____3173318,False,False,False,False,False,False,False,False,False,False,False,False,305.3590000000001,1.2186199999999998,2,4,102.15,0,PASS,PASS,PASS,PASS,PASS,PASS,PASS,PASS,True,True
O=C(c1ccccc1)N1CCN(C(=O)C2CCOCC2)CC1,GIA-UNK-eaa-1,Gianfranco Lopopolo,"Eye, bioequivalents replacement","x1249,x1385,x1402,x1412",https://covid.postera.ai/covid/submissions/GIA-UNK-eaa,Z73335350,False,False,False,False,False,True,False,False,False,False,False,False,False,False,False,302.37400000000014,1.3976000000000002,0,3,49.85000000000001,0,PASS,PASS,PASS,PASS,PASS,PASS,PASS,PASS,True,True
O=C(C1CCN(S(=O)(=O)c2ccccc2)CC1)N1CCOCC1,GIA-UNK-eaa-3,Gianfranco Lopopolo,"Eye, bioequivalents replacement","x1249,x1385,x1402,x1412",https://covid.postera.ai/covid/submissions/GIA-UNK-eaa,Z28250828,Z28250828,False,False,False,False,True,False,False,False,False,False,False,False,False,False,338.4290000000002,0.9461000000000004,0,4,66.92,0,PASS,PASS,PASS,PASS,PASS,Hetero_hetero,PASS,PASS,True,True
Cc1ncncc1NC(=O)Nc1ccccc1,HAN-NEW-5f5-1,"Hannah Stewart, Newcastle University","Design carried out my eye looking at merging and linking fragments.
Designs include linking of fragments 0072 with 0104; 0107 with 0434, 0434 with 0540, 1493 with 1040, 1375 with 0107","x0072,x0104,x0107,x0434,x0540,x1375,x1493",https://covid.postera.ai/covid/submissions/HAN-NEW-5f5,False,False,False,False,False,False,True,False,False,False,False,False,False,False,False,False,228.255,2.4290200000000004,2,3,66.91,0,PASS,PASS,PASS,PASS,PASS,PASS,PASS,PASS,True,True
CC(=O)N1CCN(C(=O)Cc2ccccn2)CC1,JON-UIO-066-3,"Jonas Verhellen, UiO","Design rationale: Started out from a very broad collection of known anti-viral compounds (HIV-1 protease inhibitors, Ebola drugs, antivirals used to treat herpes, ...) and related structures. Then applied machine learning to this data-set to learn the chemical space of anti-virals and used this model to generate a diverse set of compounds containing partial similarities (shape and properties) to fragment crystal structures X_0689, X_0769, X_0831, X_1382. The final selection of 16 molecules (4 per fragment) was based on a range of factors like synthesis accessibility, molecular weight, diversity, lipophilicity and lack of toxicity.","x0689,x0769,x0831,x1382",https://covid.postera.ai/covid/submissions/JON-UIO-066,False,False,False,False,True,False,True,False,False,False,False,False,False,False,False,False,247.298,0.3147999999999993,0,3,53.51000000000001,0,PASS,PASS,PASS,PASS,PASS,PASS,PASS,PASS,True,True
Cc1ccccc1CN1CCN(C(=O)C(F)C(C)C)CC1,JON-UIO-066-9,"Jonas Verhellen, UiO","Design rationale: Started out from a very broad collection of known anti-viral compounds (HIV-1 protease inhibitors, Ebola drugs, antivirals used to treat herpes, ...) and related structures. Then applied machine learning to this data-set to learn the chemical space of anti-virals and used this model to generate a diverse set of compounds containing partial similarities (shape and properties) to fragment crystal structures X_0689, X_0769, X_0831, X_1382. The final selection of 16 molecules (4 per fragment) was based on a range of factors like synthesis accessibility, molecular weight, diversity, lipophilicity and lack of toxicity.","x0689,x0769,x0831,x1382",https://covid.postera.ai/covid/submissions/JON-UIO-066,Z1786577487,False,False,s_22____92691____9156240,False,False,True,False,False,False,False,False,False,False,False,False,292.39800000000014,2.6333200000000008,0,2,23.55,0,PASS,PASS,PASS,PASS,alpha halo carbonyl,PASS,PASS,PASS,True,True
O=C(CCl)Nc1cccc(N2CCCC2=O)c1,LON-WEI-8f4-1,"London Lab, Weizmann Institute of Science",Included in early rounds for synthesis,x0072,https://covid.postera.ai/covid/submissions/LON-WEI-8f4,Z199423638,False,EN300-24592,m_270062____7596708____8147258,False,False,False,True,False,False,True,False,False,False,False,False,252.701,1.9907,1,2,49.41,0,"alpha_halo_carbonyl, primary_halide_sulfate",alkyl halide,PASS,"Filter4_alpha_halo_carbonyl, Filter26_alkyl_halide","alkyl halide, alpha halo carbonyl",alkyl halide,PASS,"alkyl_halides, reactive_carbonyls",False,True
C=CC(=O)N(c1ccc(N(C)C)c(C)c1)C(C(=O)Nc1ccc(OC)cc1)c1cccnc1,LON-WEI-8f4-10,"London Lab, Weizmann Institute of Science",Included in early rounds for synthesis,x0072,https://covid.postera.ai/covid/submissions/LON-WEI-8f4,False,False,False,False,False,False,False,True,True,False,False,False,False,False,False,False,444.53500000000014,4.3636200000000045,1,5,74.77000000000002,0,"acrylate, halo_acrylate",Michael acceptor,PASS,PASS,"terminal vinyl, alpha beta-unsaturated ketones; center of Michael reactivity",vinyl michael acceptor2,PASS,Ethene,False,True
O=C(CCl)N1CCN(S(=O)(=O)c2c(F)cccc2F)CC1,LON-WEI-8f4-2,"London Lab, Weizmann Institute of Science",Included in early rounds for synthesis,x0072,https://covid.postera.ai/covid/submissions/LON-WEI-8f4,Z212045114,False,EN300-22862,False,False,False,False,True,False,False,True,False,False,False,False,False,338.7630000000001,1.0365000000000002,0,3,57.69000000000001,0,"alpha_halo_carbonyl, primary_halide_sulfate",alkyl halide,PASS,"Filter4_alpha_halo_carbonyl, Filter26_alkyl_halide","alkyl halide, alpha halo carbonyl","alkyl halide, Hetero_hetero",PASS,"alkyl_halides, reactive_carbonyls",False,True
O=C(CCl)N1CCN(S(=O)(=O)c2cccs2)CC1,LON-WEI-8f4-3,"London Lab, Weizmann Institute of Science",Included in early rounds for synthesis,x0072,https://covid.postera.ai/covid/submissions/LON-WEI-8f4,Z212045150,False,EN300-23037,False,False,False,False,True,False,False,True,False,False,False,False,False,308.8120000000001,0.8197999999999999,0,4,57.69000000000001,0,"alpha_halo_carbonyl, primary_halide_sulfate",alkyl halide,PASS,"Filter4_alpha_halo_carbonyl, Filter26_alkyl_halide","alkyl halide, alpha halo carbonyl","alkyl halide, Hetero_hetero",PASS,"alkyl_halides, reactive_carbonyls",False,True
O=C(CCl)N1CCN(S(=O)(=O)c2cccc(F)c2)CC1,LON-WEI-8f4-4,"London Lab, Weizmann Institute of Science",Included in early rounds for synthesis,x0072,https://covid.postera.ai/covid/submissions/LON-WEI-8f4,Z147647642,False,EN300-22860,False,False,False,False,True,False,False,True,False,False,False,False,False,320.77300000000014,0.8973999999999999,0,3,57.69000000000001,0,"alpha_halo_carbonyl, primary_halide_sulfate",alkyl halide,PASS,"Filter4_alpha_halo_carbonyl, Filter26_alkyl_halide","alkyl halide, alpha halo carbonyl","alkyl halide, Hetero_hetero",PASS,"alkyl_halides, reactive_carbonyls",False,True
O=C(CCl)N1CCN(Cc2cccs2)CC1,LON-WEI-8f4-5,"London Lab, Weizmann Institute of Science",Included in early rounds for synthesis,x0072,https://covid.postera.ai/covid/submissions/LON-WEI-8f4,Z1562120010,False,False,m_270062____7596146____8147258,False,False,False,True,False,False,True,False,False,False,False,False,258.77400000000006,1.6311000000000002,0,3,23.550000000000004,0,"alpha_halo_carbonyl, primary_halide_sulfate",alkyl halide,PASS,"Filter4_alpha_halo_carbonyl, Filter26_alkyl_halide","alkyl halide, alpha halo carbonyl",alkyl halide,PASS,"alkyl_halides, reactive_carbonyls",False,True
O=C(CCc1c[nH]nn1)NC(Cn1cccn1)c1ccccc1,LON-WEI-8f4-6,"London Lab, Weizmann Institute of Science",Included in early rounds for synthesis,x0072,https://covid.postera.ai/covid/submissions/LON-WEI-8f4,Z2771389038,False,False,s_22____5535204____10803970,False,False,False,False,False,False,False,False,False,False,False,False,310.3610000000001,1.4914999999999992,2,5,88.49,0,PASS,PASS,PASS,PASS,PASS,PASS,PASS,PASS,False,True
O=C(CCl)N1CCN(Cc2ccsc2)CC1,LON-WEI-8f4-7,"London Lab, Weizmann Institute of Science",Included in early rounds for synthesis,x0072,https://covid.postera.ai/covid/submissions/LON-WEI-8f4,Z1562120350,False,False,m_270062____7596486____8147258,False,False,False,True,False,False,True,False,False,False,False,False,258.77400000000006,1.6311000000000002,0,3,23.550000000000004,0,"alpha_halo_carbonyl, primary_halide_sulfate",alkyl halide,PASS,"Filter4_alpha_halo_carbonyl, Filter26_alkyl_halide","alkyl halide, alpha halo carbonyl",alkyl halide,PASS,"alkyl_halides, reactive_carbonyls",False,True
C=CC(=O)N(c1ccc(C(C)(C)C)cc1)C(C(=O)NC(C)(C)C)c1cccnc1,LON-WEI-8f4-8,"London Lab, Weizmann Institute of Science",Included in early rounds for synthesis,x0072,https://covid.postera.ai/covid/submissions/LON-WEI-8f4,False,False,False,False,False,False,False,True,True,False,False,False,False,False,False,False,393.5310000000002,4.5541000000000045,1,3,62.3,0,"acrylate, halo_acrylate",Michael acceptor,PASS,PASS,"terminal vinyl, alpha beta-unsaturated ketones; center of Michael reactivity","Long aliphatic chain, vinyl michael acceptor2",PASS,Ethene,False,True
C=CC(=O)N(c1ccc(N(C)C)c(C)c1)C(C(=O)NC(C)(C)C)c1cccnc1,LON-WEI-8f4-9,"London Lab, Weizmann Institute of Science",Included in early rounds for synthesis,x0072,https://covid.postera.ai/covid/submissions/LON-WEI-8f4,False,False,False,False,False,False,False,True,True,False,False,False,False,False,False,False,394.51900000000006,3.631020000000003,1,4,65.54,0,"acrylate, halo_acrylate",Michael acceptor,PASS,PASS,"terminal vinyl, alpha beta-unsaturated ketones; center of Michael reactivity","Long aliphatic chain, vinyl michael acceptor2",PASS,Ethene,False,True
CC(=O)N1CCN(S(=O)(=O)c2c(F)cccc2F)CC1,MAK-UNK-643-6,Maksym Voznyy,x_0689 with a shifted S atom,x0689,https://covid.postera.ai/covid/submissions/MAK-UNK-643,Z30727410,False,False,False,False,False,True,False,False,False,False,False,False,False,False,False,304.3180000000001,0.8176000000000001,0,3,57.69000000000001,0,PASS,PASS,PASS,PASS,PASS,Hetero_hetero,PASS,PASS,True,True
COc1ccc(C2CC(c3cccs3)=NN2C(=O)CCl)cc1OC,MAT-POS-916-1,"Matt Robinson, PostEra","https://pubchem.ncbi.nlm.nih.gov/bioassay/1890 all under 10 micromolar hits in this assay of the original SAR-CoV main protease.

They are all also easily purchasable from Enamine, in their Screening library:

Z56955922
Z30450892
Z29513321
Z27770229",x0072,https://covid.postera.ai/covid/submissions/MAT-POS-916,False,False,EN300-07549,False,False,False,False,True,False,False,True,False,False,False,False,False,364.85400000000016,3.6818000000000017,0,5,51.13,0,"alpha_halo_carbonyl, primary_halide_sulfate",alkyl halide,PASS,"Filter4_alpha_halo_carbonyl, Filter26_alkyl_halide","alkyl halide, alpha halo carbonyl",alkyl halide,PASS,"alkyl_halides, reactive_carbonyls",False,True
COc1ccccc1OCCNC(=O)c1cc(=O)[nH]c2ccccc12,MAT-POS-916-2,"Matt Robinson, PostEra","https://pubchem.ncbi.nlm.nih.gov/bioassay/1890 all under 10 micromolar hits in this assay of the original SAR-CoV main protease.

They are all also easily purchasable from Enamine, in their Screening library:

Z56955922
Z30450892
Z29513321
Z27770229",x0072,https://covid.postera.ai/covid/submissions/MAT-POS-916,False,False,False,s_22____58494____59160,False,False,False,False,False,False,False,False,False,False,False,False,338.36300000000006,2.3455000000000004,2,4,80.41999999999999,0,PASS,Aliphatic long chain,PASS,PASS,PASS,PASS,PASS,PASS,False,True
Cc1cc(C)c(C)c(S(=O)(=O)N2CCN(C(=O)c3cc(=O)[nH]c4ccccc34)CC2)c1C,MAT-POS-916-3,"Matt Robinson, PostEra","https://pubchem.ncbi.nlm.nih.gov/bioassay/1890 all under 10 micromolar hits in this assay of the original SAR-CoV main protease.

They are all also easily purchasable from Enamine, in their Screening library:

Z56955922
Z30450892
Z29513321
Z27770229",x0072,https://covid.postera.ai/covid/submissions/MAT-POS-916,False,False,False,s_22____413354____59160,False,False,False,False,False,False,False,False,False,False,False,False,453.56400000000014,2.9084800000000017,1,4,90.55,0,PASS,PASS,PASS,PASS,PASS,Hetero_hetero,PASS,poly_sub_atomatic,False,True
CC(=O)N1CCN(Cc2cn(-c3cccc(S(N)(=O)=O)c3)nn2)CC1,NIM-UNI-022-3,"Nimesh Mistry, University of Leeds",Joining fragments using click chemistry,"x0195,x0434,x0770,x1374",https://covid.postera.ai/covid/submissions/NIM-UNI-022,False,False,False,s_273910____13825524____12888810,False,False,True,False,False,False,False,False,False,False,False,False,364.43100000000015,-0.4211999999999985,1,7,114.42,0,PASS,PASS,PASS,PASS,PASS,Dye 22,PASS,PASS,True,True
C#Cc1ccc(CNC(=O)N2CCOCC2)cc1,PAT-GYR-359-1,"Patrick Killoran, GyreOx",Expanding fragment x1249,x1249,https://covid.postera.ai/covid/submissions/PAT-GYR-359,False,False,False,s_2708____16509042____908984,False,False,False,False,False,False,False,False,False,False,False,False,244.29399999999995,1.2097,1,2,41.57000000000001,0,PASS,triple bond,PASS,PASS,PASS,PASS,PASS,triple_bond,True,True
Cc1ccncc1NC(=O)Nc1cccc(Cl)c1,TRY-UNI-714-12,"Tryfon Zarganis - Tzitzikas, University of Oxford, TDI MedChem","The design of the molecules was done by superimposing the different fragments from the crystal structures (by eye). The reactions should be fairly easy urea formation or amide coupling all from readily available starting materials.
Fragments used for the conception of the ideas are the following
x0107, x0434, x0678, x0748, x0995, x1382","x0107,x0434,x0678,x0748,x0995,x1382",https://covid.postera.ai/covid/submissions/TRY-UNI-714,False,False,False,False,False,False,True,False,False,False,False,False,False,False,False,False,261.712,3.6874200000000013,2,2,54.02,0,PASS,PASS,PASS,PASS,PASS,PASS,PASS,PASS,True,True
Cc1ccncc1NC(=O)Cc1cccc(C#N)c1,TRY-UNI-714-20,"Tryfon Zarganis - Tzitzikas, University of Oxford, TDI MedChem","The design of the molecules was done by superimposing the different fragments from the crystal structures (by eye). The reactions should be fairly easy urea formation or amide coupling all from readily available starting materials.
Fragments used for the conception of the ideas are the following
x0107, x0434, x0678, x0748, x0995, x1382","x0107,x0434,x0678,x0748,x0995,x1382",https://covid.postera.ai/covid/submissions/TRY-UNI-714,Z1344037997,False,False,s_22____3391102____6586228,False,False,True,True,False,False,False,False,False,False,True,False,251.289,2.4429000000000007,1,3,65.78,0,PASS,PASS,PASS,PASS,PASS,PASS,PASS,PASS,True,True
Cc1ccncc1NC(=O)C(C)c1cccc(C#N)c1,TRY-UNI-714-22,"Tryfon Zarganis - Tzitzikas, University of Oxford, TDI MedChem","The design of the molecules was done by superimposing the different fragments from the crystal structures (by eye). The reactions should be fairly easy urea formation or amide coupling all from readily available starting materials.
Fragments used for the conception of the ideas are the following
x0107, x0434, x0678, x0748, x0995, x1382","x0107,x0434,x0678,x0748,x0995,x1382",https://covid.postera.ai/covid/submissions/TRY-UNI-714,Z2186659954,False,False,s_22____3391102____10389944,False,False,True,True,False,False,False,False,False,False,True,False,265.316,3.0039000000000016,1,3,65.78,0,PASS,PASS,PASS,PASS,PASS,PASS,PASS,PASS,True,True
Cc1ccncc1NC(=O)Nc1cccc(C#N)c1,TRY-UNI-714-24,"Tryfon Zarganis - Tzitzikas, University of Oxford, TDI MedChem","The design of the molecules was done by superimposing the different fragments from the crystal structures (by eye). The reactions should be fairly easy urea formation or amide coupling all from readily available starting materials.
Fragments used for the conception of the ideas are the following
x0107, x0434, x0678, x0748, x0995, x1382","x0107,x0434,x0678,x0748,x0995,x1382",https://covid.postera.ai/covid/submissions/TRY-UNI-714,False,False,False,False,False,False,True,True,False,False,False,False,False,False,True,False,252.27700000000002,2.9057000000000004,2,3,77.81,0,PASS,PASS,PASS,PASS,PASS,PASS,PASS,PASS,True,True
Cc1ccncc1NC(=O)Cc1ccccc1,TRY-UNI-714-5,"Tryfon Zarganis - Tzitzikas, University of Oxford, TDI MedChem","The design of the molecules was done by superimposing the different fragments from the crystal structures (by eye). The reactions should be fairly easy urea formation or amide coupling all from readily available starting materials.
Fragments used for the conception of the ideas are the following
x0107, x0434, x0678, x0748, x0995, x1382","x0107,x0434,x0678,x0748,x0995,x1382",https://covid.postera.ai/covid/submissions/TRY-UNI-714,False,False,False,False,True,False,True,False,False,False,False,False,False,False,False,False,226.279,2.5712200000000003,1,2,41.99,0,PASS,PASS,PASS,PASS,PASS,PASS,PASS,PASS,True,True
CNS(=O)(=O)c1ccc(C(C)NC(=O)NC(C)(C)C)cc1,VIJ-CYC-1a3-11,"Vijay Shahani, Cyclica Inc.","We wanted to be informed by the set of fragments, but not fully reliant on matching fragments exactly, to drive our compound exploration. To enable this, we used Cyclica’s Ligand Design™  (LD), a flexible machine learning for identifying molecules that best satisfy a defined objective function. Briefly, LD traverses a chemical space iteratively by repeatedly deriving new molecules (children) from previous selections (parents) and then filtering them with respect to one or more objective functions. This optimization process proceeds until convergence, when no better molecules can be found. Ligand Design has multiple options for traversing chemical space, including fixed library screening (10^6 molecules evaluated), rule-based semi-generative approaches (~10^10 molecules represented), and fully generative options (~10^120 molecule possibilities). Importantly, for this design challenge, we used the semi-generative option for LD (that was developed with support from our Partners at Enamine), which efficiently traverses the Enamine REAL Space of molecules to identify promising molecules with high synthetic accessibility. 

For this design challenge, we applied two major selective pressures (objective functions). The first optimizes for compatibility with the 3CLpro binding site using Cyclica’s MatchMaker Deep Learning proteome-screening engine (white paper here: https://tinyurl.com/wx3yg64). MatchMaker has been found to be far more accurate than molecular docking, and is also several orders of magnitude more computationally efficient. The second is a ligand-based model consisting of all active fragments coming from the XChem screen. This model was created using our POEM technology (https://arxiv.org/abs/2002.04555), a parameter-free supervised learning algorithm that utilizes multiple fingerprints simultaneously for improved predictive performance. Incorporation of this POEM model pressures LD to evolve molecules which resemble the fragment set (and prioritizes the molecules with higher occupancy in the crystal structures). Additional filters ensure that all molecules evaluated have ‘drug-like’ physicochemical properties and exclude problematic functional groups.  

Cyclica’s Ligand Design was applied using default parameters, allowing the optimization to proceed until convergence. The resulting process automatically defined a total of 106 ‘top molecules’ on the basis of proteome screening ranks. Among these top molecules, 35 ranked the corona virus protease compatibility higher than any human protein (~8000 present in the screen). A semi-manual curation process was applied to the 106 to prioritize molecules for submission. The first three were selected on the basis of having substructures with exact matches to hits from the XChem fragment screen. Next, we clustered the remaining top molecules using a multiple fingerprint approach and selected the 10 cluster exemplars for a total of 13 submissions. Any positive hits among cluster exemplars would merit subsequent investigation of the remaining cluster members.  

Note, For this submission Cyclica’s Ligand Design was used in its default state with no algorithmic customization or further optimizations to strictly enforce the presence of select fragments. We are open to further customizing this LD design process in subsequent design iterations, in order to incorporate the the expert insights of medicinal chemists involved in this project.","x0072,x0161,x0995",https://covid.postera.ai/covid/submissions/VIJ-CYC-1a3,Z1408037619,False,False,s_2554____1274424____7088224,False,False,False,False,False,False,False,False,False,False,False,False,313.42300000000006,1.7533999999999992,3,3,87.30000000000004,0,PASS,PASS,PASS,PASS,PASS,"Long aliphatic chain, Hetero_hetero",PASS,PASS,True,True
C=C1CC1C(=O)NC(C)c1ccc(S(=O)(=O)NC)cc1,VIJ-CYC-1a3-5,"Vijay Shahani, Cyclica Inc.","We wanted to be informed by the set of fragments, but not fully reliant on matching fragments exactly, to drive our compound exploration. To enable this, we used Cyclica’s Ligand Design™  (LD), a flexible machine learning for identifying molecules that best satisfy a defined objective function. Briefly, LD traverses a chemical space iteratively by repeatedly deriving new molecules (children) from previous selections (parents) and then filtering them with respect to one or more objective functions. This optimization process proceeds until convergence, when no better molecules can be found. Ligand Design has multiple options for traversing chemical space, including fixed library screening (10^6 molecules evaluated), rule-based semi-generative approaches (~10^10 molecules represented), and fully generative options (~10^120 molecule possibilities). Importantly, for this design challenge, we used the semi-generative option for LD (that was developed with support from our Partners at Enamine), which efficiently traverses the Enamine REAL Space of molecules to identify promising molecules with high synthetic accessibility. 

For this design challenge, we applied two major selective pressures (objective functions). The first optimizes for compatibility with the 3CLpro binding site using Cyclica’s MatchMaker Deep Learning proteome-screening engine (white paper here: https://tinyurl.com/wx3yg64). MatchMaker has been found to be far more accurate than molecular docking, and is also several orders of magnitude more computationally efficient. The second is a ligand-based model consisting of all active fragments coming from the XChem screen. This model was created using our POEM technology (https://arxiv.org/abs/2002.04555), a parameter-free supervised learning algorithm that utilizes multiple fingerprints simultaneously for improved predictive performance. Incorporation of this POEM model pressures LD to evolve molecules which resemble the fragment set (and prioritizes the molecules with higher occupancy in the crystal structures). Additional filters ensure that all molecules evaluated have ‘drug-like’ physicochemical properties and exclude problematic functional groups.  

Cyclica’s Ligand Design was applied using default parameters, allowing the optimization to proceed until convergence. The resulting process automatically defined a total of 106 ‘top molecules’ on the basis of proteome screening ranks. Among these top molecules, 35 ranked the corona virus protease compatibility higher than any human protein (~8000 present in the screen). A semi-manual curation process was applied to the 106 to prioritize molecules for submission. The first three were selected on the basis of having substructures with exact matches to hits from the XChem fragment screen. Next, we clustered the remaining top molecules using a multiple fingerprint approach and selected the 10 cluster exemplars for a total of 13 submissions. Any positive hits among cluster exemplars would merit subsequent investigation of the remaining cluster members.  

Note, For this submission Cyclica’s Ligand Design was used in its default state with no algorithmic customization or further optimizations to strictly enforce the presence of select fragments. We are open to further customizing this LD design process in subsequent design iterations, in order to incorporate the the expert insights of medicinal chemists involved in this project.","x0072,x0161,x0995",https://covid.postera.ai/covid/submissions/VIJ-CYC-1a3,Z2798213615,False,False,s_22____2991084____12102878,False,False,False,False,False,False,False,False,False,False,False,False,294.3760000000001,1.3479999999999996,2,3,75.27,0,PASS,isolated alkene,PASS,PASS,PASS,Hetero_hetero,PASS,Ethene,True,True
CC(C)NC1CCN(c2ccc(S(N)(=O)=O)cc2)CC1,WAR-XCH-b68-23,"Warren Thompson, XChem - Diamond Light Source",Part 2: This design focused on exploring the chemical space constrained by the typical functional scaffolds found in the fragment hits.,"x0072,x0104,x0107,x0161,x0165",https://covid.postera.ai/covid/submissions/WAR-XCH-b68,Z3075936836,False,False,False,False,False,False,False,False,False,False,False,False,False,False,False,297.4240000000001,1.3007999999999995,2,4,75.43,0,PASS,PASS,PASS,PASS,PASS,PASS,PASS,PASS,True,True
Cc1ccc(NC2CCN(c3ccc(S(N)(=O)=O)cc3)CC2)cc1,WAR-XCH-b68-25,"Warren Thompson, XChem - Diamond Light Source",Part 2: This design focused on exploring the chemical space constrained by the typical functional scaffolds found in the fragment hits.,"x0072,x0104,x0107,x0161,x0165",https://covid.postera.ai/covid/submissions/WAR-XCH-b68,Z3075907363,False,False,False,False,False,False,False,False,False,False,False,False,False,False,False,345.46800000000013,2.723320000000001,2,4,75.43,0,PASS,PASS,PASS,PASS,PASS,PASS,PASS,PASS,True,True
Cc1cccc(NC2CCN(c3ccc(S(N)(=O)=O)cc3)CC2)c1,WAR-XCH-b68-27,"Warren Thompson, XChem - Diamond Light Source",Part 2: This design focused on exploring the chemical space constrained by the typical functional scaffolds found in the fragment hits.,"x0072,x0104,x0107,x0161,x0165",https://covid.postera.ai/covid/submissions/WAR-XCH-b68,Z3076198092,False,False,False,False,False,False,False,False,False,False,False,False,False,False,False,345.46800000000013,2.723320000000001,2,4,75.43,0,PASS,PASS,PASS,PASS,PASS,PASS,PASS,PASS,True,True
Cc1ccccc1NC1CCN(c2ccc(S(N)(=O)=O)cc2)CC1,WAR-XCH-b68-30,"Warren Thompson, XChem - Diamond Light Source",Part 2: This design focused on exploring the chemical space constrained by the typical functional scaffolds found in the fragment hits.,"x0072,x0104,x0107,x0161,x0165",https://covid.postera.ai/covid/submissions/WAR-XCH-b68,False,False,False,False,False,False,False,False,False,False,False,False,False,False,False,False,345.46800000000013,2.723320000000001,2,4,75.43,0,PASS,PASS,PASS,PASS,PASS,PASS,PASS,PASS,True,True
NS(=O)(=O)c1ccc(N2CCC(CO)CC2)cc1,WAR-XCH-b72-14,"Warren, XChem - Diamond Light Source",This design focused on exploring the chemical space constrained by the typical functional scaffolds found in the fragment hits.,"x0072,x0104,x0107,x0161,x0165",https://covid.postera.ai/covid/submissions/WAR-XCH-b72,Z3075599001,False,False,False,False,False,False,False,False,False,False,False,False,False,False,False,270.3539999999999,0.5426999999999997,2,4,83.63000000000002,0,PASS,PASS,PASS,PASS,PASS,PASS,PASS,PASS,True,True
NS(=O)(=O)c1ccc(N2CCC(c3ccncc3)CC2)cc1,WAR-XCH-b72-15,"Warren, XChem - Diamond Light Source",This design focused on exploring the chemical space constrained by the typical functional scaffolds found in the fragment hits.,"x0072,x0104,x0107,x0161,x0165",https://covid.postera.ai/covid/submissions/WAR-XCH-b72,Z3076880033,False,False,False,False,False,False,False,False,False,False,False,False,False,False,False,317.4140000000001,2.1130000000000004,1,4,76.29,0,PASS,PASS,PASS,PASS,PASS,PASS,PASS,PASS,True,True
NS(=O)(=O)c1ccc(N2CCC(c3ccsc3)CC2)cc1,WAR-XCH-b72-16,"Warren, XChem - Diamond Light Source",This design focused on exploring the chemical space constrained by the typical functional scaffolds found in the fragment hits.,"x0072,x0104,x0107,x0161,x0165",https://covid.postera.ai/covid/submissions/WAR-XCH-b72,Z3076733213,False,False,False,False,False,False,False,False,False,False,False,False,False,False,False,322.4550000000001,2.7795000000000014,1,4,63.40000000000001,0,PASS,PASS,PASS,PASS,PASS,PASS,PASS,PASS,True,True
NS(=O)(=O)c1ccc(N2CCC(CN3CCCCCC3)CC2)cc1,WAR-XCH-b72-20,"Warren, XChem - Diamond Light Source",This design focused on exploring the chemical space constrained by the typical functional scaffolds found in the fragment hits.,"x0072,x0104,x0107,x0161,x0165",https://covid.postera.ai/covid/submissions/WAR-XCH-b72,Z3075583038,False,False,False,False,False,False,False,False,False,False,False,False,False,False,False,351.51600000000013,2.4264,1,4,66.64,0,PASS,PASS,PASS,PASS,PASS,PASS,PASS,PASS,True,True
CCN(C)CC1CCN(c2ccc(S(N)(=O)=O)cc2)CC1,WAR-XCH-b72-49,"Warren, XChem - Diamond Light Source",This design focused on exploring the chemical space constrained by the typical functional scaffolds found in the fragment hits.,"x0072,x0104,x0107,x0161,x0165",https://covid.postera.ai/covid/submissions/WAR-XCH-b72,Z3394588817,False,False,False,False,False,False,False,False,False,False,False,False,False,False,False,311.45100000000014,1.5020999999999998,1,4,66.64,0,PASS,PASS,PASS,PASS,PASS,PASS,PASS,PASS,True,True
NS(=O)(=O)c1ccc(N2CCC(c3ccco3)CC2)cc1,WAR-XCH-b72-7,"Warren, XChem - Diamond Light Source",This design focused on exploring the chemical space constrained by the typical functional scaffolds found in the fragment hits.,"x0072,x0104,x0107,x0161,x0165",https://covid.postera.ai/covid/submissions/WAR-XCH-b72,Z3077528599,False,False,False,False,False,False,False,False,False,False,False,False,False,False,False,306.38700000000006,2.311000000000001,1,4,76.54,0,PASS,PASS,PASS,PASS,PASS,PASS,PASS,PASS,True,True
COC1CCN(c2ccc(S(N)(=O)=O)cc2)CC1,WAR-XCH-b72-9,"Warren, XChem - Diamond Light Source",This design focused on exploring the chemical space constrained by the typical functional scaffolds found in the fragment hits.,"x0072,x0104,x0107,x0161,x0165",https://covid.postera.ai/covid/submissions/WAR-XCH-b72,Z3075430846,False,False,False,False,False,False,False,False,False,False,False,False,False,False,False,270.35400000000004,0.9492,1,4,72.63,0,PASS,PASS,PASS,PASS,PASS,PASS,PASS,PASS,True,True
N#Cc1cc(Cl)cc(NC(=O)Nc2cccnc2)c1,WAR-XCH-eb7-2,"Warren, XChem - Diamond Light Source",Combining fragments X0305 and X0434 by eye,"x0305,x0434",https://covid.postera.ai/covid/submissions/WAR-XCH-eb7,False,False,False,False,False,False,False,True,False,False,False,False,False,False,True,False,272.695,3.25068,2,3,77.81,0,PASS,PASS,PASS,PASS,PASS,PASS,PASS,PASS,True,True
O=C(Cc1ccc2ccccc2c1)Nc1cc(C(F)(F)F)ccn1,ÁLV-UNI-7ff-46,"Álvaro Lorente Macías, University of Edinburgh","These compounds shares similarities with some of the fragments.
Compounds are derived from two different cores:
- 2,3-aryl-pyrazolopyridines (Similarities with fragments x0395, x1093, x0426).
- 2-(naphthalen-2-yl)-N-(pyridin-2-yl)acetamides and derivatives (Similarities with fragments x0434, x0540, x0678, x0830).","x0395,x0426,x0434,x0540,x0678,x0830,x1093",https://covid.postera.ai/covid/submissions/ÁLV-UNI-7ff,Z1631501979,False,False,s_22____10949752____60794,False,False,True,False,False,False,False,False,False,False,False,False,330.309,4.434800000000002,1,2,41.99,0,PASS,PASS,PASS,PASS,PASS,PASS,PASS,PASS,True,True
COc1ccnc(NC(=O)Cc2ccc3ccccc3c2)c1,ÁLV-UNI-7ff-47,"Álvaro Lorente Macías, University of Edinburgh","These compounds shares similarities with some of the fragments.
Compounds are derived from two different cores:
- 2,3-aryl-pyrazolopyridines (Similarities with fragments x0395, x1093, x0426).
- 2-(naphthalen-2-yl)-N-(pyridin-2-yl)acetamides and derivatives (Similarities with fragments x0434, x0540, x0678, x0830).","x0395,x0426,x0434,x0540,x0678,x0830,x1093",https://covid.postera.ai/covid/submissions/ÁLV-UNI-7ff,Z1535580916,False,False,s_22____7914310____60794,False,False,True,False,False,False,False,False,False,False,False,False,292.338,3.4246000000000016,1,3,51.22,0,PASS,PASS,PASS,PASS,PASS,PASS,PASS,PASS,True,True
